DISTRICT,Rainfall,Month_sin,Month_cos,Date
MADURAI,35.1,0.49999999999999994,0.8660254037844387,1901-01-01
MADURAI,85.9,0.49999999999999994,0.8660254037844387,1902-01-01
MADURAI,28.9,0.49999999999999994,0.8660254037844387,1903-01-01
MADURAI,22.5,0.49999999999999994,0.8660254037844387,1904-01-01
MADURAI,0.1,0.49999999999999994,0.8660254037844387,1905-01-01
MADURAI,13.9,0.49999999999999994,0.8660254037844387,1906-01-01
MADURAI,6.4,0.49999999999999994,0.8660254037844387,1907-01-01
MADURAI,7.2,0.49999999999999994,0.8660254037844387,1908-01-01
MADURAI,88.3,0.49999999999999994,0.8660254037844387,1909-01-01
MADURAI,33.2,0.49999999999999994,0.8660254037844387,1910-01-01
MADURAI,1.3,0.49999999999999994,0.8660254037844387,1911-01-01
MADURAI,1.2,0.49999999999999994,0.8660254037844387,1912-01-01
MADURAI,0.5,0.49999999999999994,0.8660254037844387,1913-01-01
MADURAI,3.6,0.49999999999999994,0.8660254037844387,1914-01-01
MADURAI,27.6,0.49999999999999994,0.8660254037844387,1915-01-01
MADURAI,0.0,0.49999999999999994,0.8660254037844387,1916-01-01
MADURAI,19.4,0.49999999999999994,0.8660254037844387,1917-01-01
MADURAI,71.6,0.49999999999999994,0.8660254037844387,1918-01-01
MADURAI,7.9,0.49999999999999994,0.8660254037844387,1919-01-01
MADURAI,95.6,0.49999999999999994,0.8660254037844387,1920-01-01
MADURAI,199.2,0.49999999999999994,0.8660254037844387,1921-01-01
MADURAI,17.3,0.49999999999999994,0.8660254037844387,1922-01-01
MADURAI,64.5,0.49999999999999994,0.8660254037844387,1923-01-01
MADURAI,30.2,0.49999999999999994,0.8660254037844387,1924-01-01
MADURAI,17.5,0.49999999999999994,0.8660254037844387,1925-01-01
MADURAI,55.9,0.49999999999999994,0.8660254037844387,1926-01-01
MADURAI,9.0,0.49999999999999994,0.8660254037844387,1927-01-01
MADURAI,1.3,0.49999999999999994,0.8660254037844387,1928-01-01
MADURAI,11.4,0.49999999999999994,0.8660254037844387,1929-01-01
MADURAI,18.2,0.49999999999999994,0.8660254037844387,1930-01-01
MADURAI,15.2,0.49999999999999994,0.8660254037844387,1931-01-01
MADURAI,0.4,0.49999999999999994,0.8660254037844387,1932-01-01
MADURAI,0.2,0.49999999999999994,0.8660254037844387,1933-01-01
MADURAI,118.5,0.49999999999999994,0.8660254037844387,1934-01-01
MADURAI,20.5,0.49999999999999994,0.8660254037844387,1935-01-01
MADURAI,1.9,0.49999999999999994,0.8660254037844387,1936-01-01
MADURAI,1.0,0.49999999999999994,0.8660254037844387,1937-01-01
MADURAI,0.2,0.49999999999999994,0.8660254037844387,1938-01-01
MADURAI,21.9,0.49999999999999994,0.8660254037844387,1939-01-01
MADURAI,0.0,0.49999999999999994,0.8660254037844387,1940-01-01
MADURAI,34.9,0.49999999999999994,0.8660254037844387,1941-01-01
MADURAI,0.0,0.49999999999999994,0.8660254037844387,1942-01-01
MADURAI,214.7,0.49999999999999994,0.8660254037844387,1943-01-01
MADURAI,5.3,0.49999999999999994,0.8660254037844387,1944-01-01
MADURAI,8.5,0.49999999999999994,0.8660254037844387,1945-01-01
MADURAI,4.4,0.49999999999999994,0.8660254037844387,1946-01-01
MADURAI,30.5,0.49999999999999994,0.8660254037844387,1947-01-01
MADURAI,37.4,0.49999999999999994,0.8660254037844387,1948-01-01
MADURAI,25.2,0.49999999999999994,0.8660254037844387,1949-01-01
MADURAI,0.1,0.49999999999999994,0.8660254037844387,1950-01-01
MADURAI,13.4,0.49999999999999994,0.8660254037844387,1951-01-01
MADURAI,16.7,0.49999999999999994,0.8660254037844387,1952-01-01
MADURAI,1.3,0.49999999999999994,0.8660254037844387,1953-01-01
MADURAI,101.0,0.49999999999999994,0.8660254037844387,1954-01-01
MADURAI,9.1,0.49999999999999994,0.8660254037844387,1955-01-01
MADURAI,42.6,0.49999999999999994,0.8660254037844387,1956-01-01
MADURAI,0.0,0.49999999999999994,0.8660254037844387,1957-01-01
MADURAI,12.1,0.49999999999999994,0.8660254037844387,1958-01-01
MADURAI,3.2,0.49999999999999994,0.8660254037844387,1959-01-01
MADURAI,0.2,0.49999999999999994,0.8660254037844387,1960-01-01
MADURAI,45.0,0.49999999999999994,0.8660254037844387,1961-01-01
MADURAI,13.2,0.49999999999999994,0.8660254037844387,1962-01-01
MADURAI,35.8,0.49999999999999994,0.8660254037844387,1963-01-01
MADURAI,0.0,0.49999999999999994,0.8660254037844387,1964-01-01
MADURAI,2.0,0.49999999999999994,0.8660254037844387,1965-01-01
MADURAI,16.2,0.49999999999999994,0.8660254037844387,1966-01-01
MADURAI,0.5,0.49999999999999994,0.8660254037844387,1967-01-01
MADURAI,0.7,0.49999999999999994,0.8660254037844387,1968-01-01
MADURAI,0.1,0.49999999999999994,0.8660254037844387,1969-01-01
MADURAI,3.6,0.49999999999999994,0.8660254037844387,1970-01-01
MADURAI,10.0,0.49999999999999994,0.8660254037844387,1971-01-01
MADURAI,0.8,0.49999999999999994,0.8660254037844387,1972-01-01
MADURAI,0.0,0.49999999999999994,0.8660254037844387,1973-01-01
MADURAI,0.1,0.49999999999999994,0.8660254037844387,1974-01-01
MADURAI,1.1,0.49999999999999994,0.8660254037844387,1975-01-01
MADURAI,0.4,0.49999999999999994,0.8660254037844387,1976-01-01
MADURAI,0.0,0.49999999999999994,0.8660254037844387,1977-01-01
MADURAI,0.0,0.49999999999999994,0.8660254037844387,1978-01-01
MADURAI,4.3,0.49999999999999994,0.8660254037844387,1979-01-01
MADURAI,0.0,0.49999999999999994,0.8660254037844387,1980-01-01
MADURAI,1.7,0.49999999999999994,0.8660254037844387,1981-01-01
MADURAI,0.1,0.49999999999999994,0.8660254037844387,1982-01-01
MADURAI,0.0,0.49999999999999994,0.8660254037844387,1983-01-01
MADURAI,13.0,0.49999999999999994,0.8660254037844387,1984-01-01
MADURAI,88.8,0.49999999999999994,0.8660254037844387,1985-01-01
MADURAI,16.3,0.49999999999999994,0.8660254037844387,1986-01-01
MADURAI,0.0,0.49999999999999994,0.8660254037844387,1987-01-01
MADURAI,0.0,0.49999999999999994,0.8660254037844387,1988-01-01
MADURAI,2.0,0.49999999999999994,0.8660254037844387,1989-01-01
MADURAI,158.1,0.49999999999999994,0.8660254037844387,1990-01-01
MADURAI,37.9,0.49999999999999994,0.8660254037844387,1991-01-01
MADURAI,0.1,0.49999999999999994,0.8660254037844387,1992-01-01
MADURAI,0.0,0.49999999999999994,0.8660254037844387,1993-01-01
MADURAI,1.8,0.49999999999999994,0.8660254037844387,1994-01-01
MADURAI,5.5,0.49999999999999994,0.8660254037844387,1995-01-01
MADURAI,9.0,0.49999999999999994,0.8660254037844387,1996-01-01
MADURAI,2.3,0.49999999999999994,0.8660254037844387,1997-01-01
MADURAI,1.5,0.49999999999999994,0.8660254037844387,1998-01-01
MADURAI,7.5,0.49999999999999994,0.8660254037844387,1999-01-01
MADURAI,22.4,0.49999999999999994,0.8660254037844387,2000-01-01
MADURAI,21.2,0.49999999999999994,0.8660254037844387,2001-01-01
MADURAI,0.0,0.49999999999999994,0.8660254037844387,2002-01-01
MADURAI,0.0,0.49999999999999994,0.8660254037844387,2003-01-01
MADURAI,0.8,0.49999999999999994,0.8660254037844387,2004-01-01
MADURAI,0.0,0.49999999999999994,0.8660254037844387,2005-01-01
MADURAI,6.6,0.49999999999999994,0.8660254037844387,2006-01-01
MADURAI,6.8,0.49999999999999994,0.8660254037844387,2007-01-01
MADURAI,1.3,0.49999999999999994,0.8660254037844387,2008-01-01
MADURAI,8.1,0.49999999999999994,0.8660254037844387,2009-01-01
MADURAI,2.4,0.49999999999999994,0.8660254037844387,2010-01-01
MADURAI,10.8,0.49999999999999994,0.8660254037844387,2012-01-01
MADURAI,1.2,0.49999999999999994,0.8660254037844387,2013-01-01
MADURAI,6.1,0.49999999999999994,0.8660254037844387,2014-01-01
MADURAI,11.9,0.49999999999999994,0.8660254037844387,2015-01-01
MADURAI,0.0,0.49999999999999994,0.8660254037844387,2016-01-01
MADURAI,32.7,0.49999999999999994,0.8660254037844387,2017-01-01
MADURAI,1.3,0.49999999999999994,0.8660254037844387,2018-01-01
MADURAI,4.9,0.49999999999999994,0.8660254037844387,2019-01-01
MADURAI,2.9,0.49999999999999994,0.8660254037844387,2020-01-01
MADURAI,131.2,0.49999999999999994,0.8660254037844387,2021-01-01
MADURAI,21.7,0.49999999999999994,0.8660254037844387,2022-01-01
MADURAI,7.9,0.8660254037844386,0.5000000000000001,1901-02-01
MADURAI,0.4,0.8660254037844386,0.5000000000000001,1902-02-01
MADURAI,2.4,0.8660254037844386,0.5000000000000001,1903-02-01
MADURAI,0.0,0.8660254037844386,0.5000000000000001,1904-02-01
MADURAI,13.7,0.8660254037844386,0.5000000000000001,1905-02-01
MADURAI,26.5,0.8660254037844386,0.5000000000000001,1906-02-01
MADURAI,0.0,0.8660254037844386,0.5000000000000001,1907-02-01
MADURAI,51.5,0.8660254037844386,0.5000000000000001,1908-02-01
MADURAI,15.8,0.8660254037844386,0.5000000000000001,1909-02-01
MADURAI,16.8,0.8660254037844386,0.5000000000000001,1910-02-01
MADURAI,1.4,0.8660254037844386,0.5000000000000001,1911-02-01
MADURAI,0.2,0.8660254037844386,0.5000000000000001,1912-02-01
MADURAI,2.4,0.8660254037844386,0.5000000000000001,1913-02-01
MADURAI,0.0,0.8660254037844386,0.5000000000000001,1914-02-01
MADURAI,10.9,0.8660254037844386,0.5000000000000001,1915-02-01
MADURAI,0.8,0.8660254037844386,0.5000000000000001,1916-02-01
MADURAI,61.6,0.8660254037844386,0.5000000000000001,1917-02-01
MADURAI,0.0,0.8660254037844386,0.5000000000000001,1918-02-01
MADURAI,0.4,0.8660254037844386,0.5000000000000001,1919-02-01
MADURAI,1.8,0.8660254037844386,0.5000000000000001,1920-02-01
MADURAI,0.0,0.8660254037844386,0.5000000000000001,1921-02-01
MADURAI,13.7,0.8660254037844386,0.5000000000000001,1922-02-01
MADURAI,7.9,0.8660254037844386,0.5000000000000001,1923-02-01
MADURAI,0.0,0.8660254037844386,0.5000000000000001,1924-02-01
MADURAI,0.0,0.8660254037844386,0.5000000000000001,1925-02-01
MADURAI,0.2,0.8660254037844386,0.5000000000000001,1926-02-01
MADURAI,30.1,0.8660254037844386,0.5000000000000001,1927-02-01
MADURAI,64.0,0.8660254037844386,0.5000000000000001,1928-02-01
MADURAI,64.3,0.8660254037844386,0.5000000000000001,1929-02-01
MADURAI,74.8,0.8660254037844386,0.5000000000000001,1930-02-01
MADURAI,0.0,0.8660254037844386,0.5000000000000001,1931-02-01
MADURAI,38.3,0.8660254037844386,0.5000000000000001,1932-02-01
MADURAI,1.6,0.8660254037844386,0.5000000000000001,1933-02-01
MADURAI,0.0,0.8660254037844386,0.5000000000000001,1934-02-01
MADURAI,2.1,0.8660254037844386,0.5000000000000001,1935-02-01
MADURAI,91.4,0.8660254037844386,0.5000000000000001,1936-02-01
MADURAI,4.8,0.8660254037844386,0.5000000000000001,1937-02-01
MADURAI,22.5,0.8660254037844386,0.5000000000000001,1938-02-01
MADURAI,6.6,0.8660254037844386,0.5000000000000001,1939-02-01
MADURAI,0.0,0.8660254037844386,0.5000000000000001,1940-02-01
MADURAI,0.1,0.8660254037844386,0.5000000000000001,1941-02-01
MADURAI,0.0,0.8660254037844386,0.5000000000000001,1942-02-01
MADURAI,8.7,0.8660254037844386,0.5000000000000001,1943-02-01
MADURAI,54.2,0.8660254037844386,0.5000000000000001,1944-02-01
MADURAI,13.6,0.8660254037844386,0.5000000000000001,1945-02-01
MADURAI,3.5,0.8660254037844386,0.5000000000000001,1946-02-01
MADURAI,0.8,0.8660254037844386,0.5000000000000001,1947-02-01
MADURAI,13.2,0.8660254037844386,0.5000000000000001,1948-02-01
MADURAI,20.9,0.8660254037844386,0.5000000000000001,1949-02-01
MADURAI,96.5,0.8660254037844386,0.5000000000000001,1950-02-01
MADURAI,0.0,0.8660254037844386,0.5000000000000001,1951-02-01
MADURAI,54.5,0.8660254037844386,0.5000000000000001,1952-02-01
MADURAI,30.2,0.8660254037844386,0.5000000000000001,1953-02-01
MADURAI,2.9,0.8660254037844386,0.5000000000000001,1954-02-01
MADURAI,0.4,0.8660254037844386,0.5000000000000001,1955-02-01
MADURAI,0.0,0.8660254037844386,0.5000000000000001,1956-02-01
MADURAI,6.3,0.8660254037844386,0.5000000000000001,1957-02-01
MADURAI,7.4,0.8660254037844386,0.5000000000000001,1958-02-01
MADURAI,41.2,0.8660254037844386,0.5000000000000001,1959-02-01
MADURAI,6.7,0.8660254037844386,0.5000000000000001,1960-02-01
MADURAI,24.7,0.8660254037844386,0.5000000000000001,1961-02-01
MADURAI,5.4,0.8660254037844386,0.5000000000000001,1962-02-01
MADURAI,1.6,0.8660254037844386,0.5000000000000001,1963-02-01
MADURAI,0.0,0.8660254037844386,0.5000000000000001,1964-02-01
MADURAI,1.5,0.8660254037844386,0.5000000000000001,1965-02-01
MADURAI,6.1,0.8660254037844386,0.5000000000000001,1966-02-01
MADURAI,0.1,0.8660254037844386,0.5000000000000001,1967-02-01
MADURAI,2.7,0.8660254037844386,0.5000000000000001,1968-02-01
MADURAI,12.4,0.8660254037844386,0.5000000000000001,1969-02-01
MADURAI,18.0,0.8660254037844386,0.5000000000000001,1970-02-01
MADURAI,10.4,0.8660254037844386,0.5000000000000001,1971-02-01
MADURAI,1.0,0.8660254037844386,0.5000000000000001,1972-02-01
MADURAI,0.0,0.8660254037844386,0.5000000000000001,1973-02-01
MADURAI,3.9,0.8660254037844386,0.5000000000000001,1974-02-01
MADURAI,2.2,0.8660254037844386,0.5000000000000001,1975-02-01
MADURAI,0.0,0.8660254037844386,0.5000000000000001,1976-02-01
MADURAI,24.3,0.8660254037844386,0.5000000000000001,1977-02-01
MADURAI,6.6,0.8660254037844386,0.5000000000000001,1978-02-01
MADURAI,45.8,0.8660254037844386,0.5000000000000001,1979-02-01
MADURAI,0.0,0.8660254037844386,0.5000000000000001,1980-02-01
MADURAI,3.8,0.8660254037844386,0.5000000000000001,1981-02-01
MADURAI,0.0,0.8660254037844386,0.5000000000000001,1982-02-01
MADURAI,0.0,0.8660254037844386,0.5000000000000001,1983-02-01
MADURAI,95.9,0.8660254037844386,0.5000000000000001,1984-02-01
MADURAI,1.1,0.8660254037844386,0.5000000000000001,1985-02-01
MADURAI,9.2,0.8660254037844386,0.5000000000000001,1986-02-01
MADURAI,0.0,0.8660254037844386,0.5000000000000001,1987-02-01
MADURAI,3.6,0.8660254037844386,0.5000000000000001,1988-02-01
MADURAI,0.0,0.8660254037844386,0.5000000000000001,1989-02-01
MADURAI,10.7,0.8660254037844386,0.5000000000000001,1990-02-01
MADURAI,6.1,0.8660254037844386,0.5000000000000001,1991-02-01
MADURAI,3.0,0.8660254037844386,0.5000000000000001,1992-02-01
MADURAI,10.8,0.8660254037844386,0.5000000000000001,1993-02-01
MADURAI,23.7,0.8660254037844386,0.5000000000000001,1994-02-01
MADURAI,4.6,0.8660254037844386,0.5000000000000001,1995-02-01
MADURAI,0.6,0.8660254037844386,0.5000000000000001,1996-02-01
MADURAI,0.0,0.8660254037844386,0.5000000000000001,1997-02-01
MADURAI,1.1,0.8660254037844386,0.5000000000000001,1998-02-01
MADURAI,8.9,0.8660254037844386,0.5000000000000001,1999-02-01
MADURAI,106.2,0.8660254037844386,0.5000000000000001,2000-02-01
MADURAI,7.0,0.8660254037844386,0.5000000000000001,2001-02-01
MADURAI,23.1,0.8660254037844386,0.5000000000000001,2002-02-01
MADURAI,0.2,0.8660254037844386,0.5000000000000001,2003-02-01
MADURAI,0.0,0.8660254037844386,0.5000000000000001,2004-02-01
MADURAI,6.3,0.8660254037844386,0.5000000000000001,2005-02-01
MADURAI,0.2,0.8660254037844386,0.5000000000000001,2006-02-01
MADURAI,3.9,0.8660254037844386,0.5000000000000001,2007-02-01
MADURAI,17.1,0.8660254037844386,0.5000000000000001,2008-02-01
MADURAI,0.0,0.8660254037844386,0.5000000000000001,2009-02-01
MADURAI,0.0,0.8660254037844386,0.5000000000000001,2010-02-01
MADURAI,0.0,0.8660254037844386,0.5000000000000001,2012-02-01
MADURAI,42.4,0.8660254037844386,0.5000000000000001,2013-02-01
MADURAI,0.0,0.8660254037844386,0.5000000000000001,2014-02-01
MADURAI,0.0,0.8660254037844386,0.5000000000000001,2015-02-01
MADURAI,0.0,0.8660254037844386,0.5000000000000001,2016-02-01
MADURAI,0.5,0.8660254037844386,0.5000000000000001,2017-02-01
MADURAI,5.2,0.8660254037844386,0.5000000000000001,2018-02-01
MADURAI,0.5,0.8660254037844386,0.5000000000000001,2019-02-01
MADURAI,0.0,0.8660254037844386,0.5000000000000001,2020-02-01
MADURAI,0.3,0.8660254037844386,0.5000000000000001,2021-02-01
MADURAI,0.0,0.8660254037844386,0.5000000000000001,2022-02-01
MADURAI,45.8,1.0,6.123233995736766e-17,1901-03-01
MADURAI,42.2,1.0,6.123233995736766e-17,1902-03-01
MADURAI,0.7,1.0,6.123233995736766e-17,1903-03-01
MADURAI,0.0,1.0,6.123233995736766e-17,1904-03-01
MADURAI,2.3,1.0,6.123233995736766e-17,1905-03-01
MADURAI,16.2,1.0,6.123233995736766e-17,1906-03-01
MADURAI,14.2,1.0,6.123233995736766e-17,1907-03-01
MADURAI,30.2,1.0,6.123233995736766e-17,1908-03-01
MADURAI,4.2,1.0,6.123233995736766e-17,1909-03-01
MADURAI,0.0,1.0,6.123233995736766e-17,1910-03-01
MADURAI,0.8,1.0,6.123233995736766e-17,1911-03-01
MADURAI,0.5,1.0,6.123233995736766e-17,1912-03-01
MADURAI,1.3,1.0,6.123233995736766e-17,1913-03-01
MADURAI,3.5,1.0,6.123233995736766e-17,1914-03-01
MADURAI,35.0,1.0,6.123233995736766e-17,1915-03-01
MADURAI,0.3,1.0,6.123233995736766e-17,1916-03-01
MADURAI,76.5,1.0,6.123233995736766e-17,1917-03-01
MADURAI,25.9,1.0,6.123233995736766e-17,1918-03-01
MADURAI,11.5,1.0,6.123233995736766e-17,1919-03-01
MADURAI,13.7,1.0,6.123233995736766e-17,1920-03-01
MADURAI,7.1,1.0,6.123233995736766e-17,1921-03-01
MADURAI,10.9,1.0,6.123233995736766e-17,1922-03-01
MADURAI,35.2,1.0,6.123233995736766e-17,1923-03-01
MADURAI,26.5,1.0,6.123233995736766e-17,1924-03-01
MADURAI,58.5,1.0,6.123233995736766e-17,1925-03-01
MADURAI,21.4,1.0,6.123233995736766e-17,1926-03-01
MADURAI,8.1,1.0,6.123233995736766e-17,1927-03-01
MADURAI,10.1,1.0,6.123233995736766e-17,1928-03-01
MADURAI,13.8,1.0,6.123233995736766e-17,1929-03-01
MADURAI,19.1,1.0,6.123233995736766e-17,1930-03-01
MADURAI,0.1,1.0,6.123233995736766e-17,1931-03-01
MADURAI,2.4,1.0,6.123233995736766e-17,1932-03-01
MADURAI,4.7,1.0,6.123233995736766e-17,1933-03-01
MADURAI,5.3,1.0,6.123233995736766e-17,1934-03-01
MADURAI,0.1,1.0,6.123233995736766e-17,1935-03-01
MADURAI,80.3,1.0,6.123233995736766e-17,1936-03-01
MADURAI,24.1,1.0,6.123233995736766e-17,1937-03-01
MADURAI,81.7,1.0,6.123233995736766e-17,1938-03-01
MADURAI,29.8,1.0,6.123233995736766e-17,1939-03-01
MADURAI,15.9,1.0,6.123233995736766e-17,1940-03-01
MADURAI,0.1,1.0,6.123233995736766e-17,1941-03-01
MADURAI,2.1,1.0,6.123233995736766e-17,1942-03-01
MADURAI,13.1,1.0,6.123233995736766e-17,1943-03-01
MADURAI,80.0,1.0,6.123233995736766e-17,1944-03-01
MADURAI,0.6,1.0,6.123233995736766e-17,1945-03-01
MADURAI,50.4,1.0,6.123233995736766e-17,1946-03-01
MADURAI,146.0,1.0,6.123233995736766e-17,1947-03-01
MADURAI,1.1,1.0,6.123233995736766e-17,1948-03-01
MADURAI,0.0,1.0,6.123233995736766e-17,1949-03-01
MADURAI,14.1,1.0,6.123233995736766e-17,1950-03-01
MADURAI,12.3,1.0,6.123233995736766e-17,1951-03-01
MADURAI,15.8,1.0,6.123233995736766e-17,1952-03-01
MADURAI,1.2,1.0,6.123233995736766e-17,1953-03-01
MADURAI,17.3,1.0,6.123233995736766e-17,1954-03-01
MADURAI,14.0,1.0,6.123233995736766e-17,1955-03-01
MADURAI,0.0,1.0,6.123233995736766e-17,1956-03-01
MADURAI,0.5,1.0,6.123233995736766e-17,1957-03-01
MADURAI,28.1,1.0,6.123233995736766e-17,1958-03-01
MADURAI,0.0,1.0,6.123233995736766e-17,1959-03-01
MADURAI,23.7,1.0,6.123233995736766e-17,1960-03-01
MADURAI,2.0,1.0,6.123233995736766e-17,1961-03-01
MADURAI,13.6,1.0,6.123233995736766e-17,1962-03-01
MADURAI,48.2,1.0,6.123233995736766e-17,1963-03-01
MADURAI,11.0,1.0,6.123233995736766e-17,1964-03-01
MADURAI,7.7,1.0,6.123233995736766e-17,1965-03-01
MADURAI,7.0,1.0,6.123233995736766e-17,1966-03-01
MADURAI,90.7,1.0,6.123233995736766e-17,1967-03-01
MADURAI,38.7,1.0,6.123233995736766e-17,1968-03-01
MADURAI,0.0,1.0,6.123233995736766e-17,1969-03-01
MADURAI,1.7,1.0,6.123233995736766e-17,1970-03-01
MADURAI,14.5,1.0,6.123233995736766e-17,1971-03-01
MADURAI,0.0,1.0,6.123233995736766e-17,1972-03-01
MADURAI,4.3,1.0,6.123233995736766e-17,1973-03-01
MADURAI,2.2,1.0,6.123233995736766e-17,1974-03-01
MADURAI,43.4,1.0,6.123233995736766e-17,1975-03-01
MADURAI,11.6,1.0,6.123233995736766e-17,1976-03-01
MADURAI,15.4,1.0,6.123233995736766e-17,1977-03-01
MADURAI,1.9,1.0,6.123233995736766e-17,1978-03-01
MADURAI,14.4,1.0,6.123233995736766e-17,1979-03-01
MADURAI,15.9,1.0,6.123233995736766e-17,1980-03-01
MADURAI,20.8,1.0,6.123233995736766e-17,1981-03-01
MADURAI,10.1,1.0,6.123233995736766e-17,1982-03-01
MADURAI,0.0,1.0,6.123233995736766e-17,1983-03-01
MADURAI,113.3,1.0,6.123233995736766e-17,1984-03-01
MADURAI,13.2,1.0,6.123233995736766e-17,1985-03-01
MADURAI,12.5,1.0,6.123233995736766e-17,1986-03-01
MADURAI,42.1,1.0,6.123233995736766e-17,1987-03-01
MADURAI,31.8,1.0,6.123233995736766e-17,1988-03-01
MADURAI,39.4,1.0,6.123233995736766e-17,1989-03-01
MADURAI,18.1,1.0,6.123233995736766e-17,1990-03-01
MADURAI,2.0,1.0,6.123233995736766e-17,1991-03-01
MADURAI,0.0,1.0,6.123233995736766e-17,1992-03-01
MADURAI,24.0,1.0,6.123233995736766e-17,1993-03-01
MADURAI,3.9,1.0,6.123233995736766e-17,1994-03-01
MADURAI,21.6,1.0,6.123233995736766e-17,1995-03-01
MADURAI,0.0,1.0,6.123233995736766e-17,1996-03-01
MADURAI,0.2,1.0,6.123233995736766e-17,1997-03-01
MADURAI,37.7,1.0,6.123233995736766e-17,1998-03-01
MADURAI,0.5,1.0,6.123233995736766e-17,1999-03-01
MADURAI,4.0,1.0,6.123233995736766e-17,2000-03-01
MADURAI,15.1,1.0,6.123233995736766e-17,2001-03-01
MADURAI,12.5,1.0,6.123233995736766e-17,2002-03-01
MADURAI,19.3,1.0,6.123233995736766e-17,2003-03-01
MADURAI,10.7,1.0,6.123233995736766e-17,2004-03-01
MADURAI,48.3,1.0,6.123233995736766e-17,2005-03-01
MADURAI,87.1,1.0,6.123233995736766e-17,2006-03-01
MADURAI,0.0,1.0,6.123233995736766e-17,2007-03-01
MADURAI,188.3,1.0,6.123233995736766e-17,2008-03-01
MADURAI,55.5,1.0,6.123233995736766e-17,2009-03-01
MADURAI,0.0,1.0,6.123233995736766e-17,2010-03-01
MADURAI,0.0,1.0,6.123233995736766e-17,2012-03-01
MADURAI,50.1,1.0,6.123233995736766e-17,2013-03-01
MADURAI,0.5,1.0,6.123233995736766e-17,2014-03-01
MADURAI,17.9,1.0,6.123233995736766e-17,2015-03-01
MADURAI,0.3,1.0,6.123233995736766e-17,2016-03-01
MADURAI,88.0,1.0,6.123233995736766e-17,2017-03-01
MADURAI,6.9,1.0,6.123233995736766e-17,2018-03-01
MADURAI,0.5,1.0,6.123233995736766e-17,2019-03-01
MADURAI,0.3,1.0,6.123233995736766e-17,2020-03-01
MADURAI,1.0,1.0,6.123233995736766e-17,2021-03-01
MADURAI,2.7,1.0,6.123233995736766e-17,2022-03-01
MADURAI,77.5,0.8660254037844387,-0.4999999999999998,1901-04-01
MADURAI,50.1,0.8660254037844387,-0.4999999999999998,1902-04-01
MADURAI,18.5,0.8660254037844387,-0.4999999999999998,1903-04-01
MADURAI,19.6,0.8660254037844387,-0.4999999999999998,1904-04-01
MADURAI,72.9,0.8660254037844387,-0.4999999999999998,1905-04-01
MADURAI,12.6,0.8660254037844387,-0.4999999999999998,1906-04-01
MADURAI,102.4,0.8660254037844387,-0.4999999999999998,1907-04-01
MADURAI,27.9,0.8660254037844387,-0.4999999999999998,1908-04-01
MADURAI,159.3,0.8660254037844387,-0.4999999999999998,1909-04-01
MADURAI,28.1,0.8660254037844387,-0.4999999999999998,1910-04-01
MADURAI,44.4,0.8660254037844387,-0.4999999999999998,1911-04-01
MADURAI,20.9,0.8660254037844387,-0.4999999999999998,1912-04-01
MADURAI,11.9,0.8660254037844387,-0.4999999999999998,1913-04-01
MADURAI,59.5,0.8660254037844387,-0.4999999999999998,1914-04-01
MADURAI,52.2,0.8660254037844387,-0.4999999999999998,1915-04-01
MADURAI,39.7,0.8660254037844387,-0.4999999999999998,1916-04-01
MADURAI,4.7,0.8660254037844387,-0.4999999999999998,1917-04-01
MADURAI,5.8,0.8660254037844387,-0.4999999999999998,1918-04-01
MADURAI,26.6,0.8660254037844387,-0.4999999999999998,1919-04-01
MADURAI,88.6,0.8660254037844387,-0.4999999999999998,1920-04-01
MADURAI,64.2,0.8660254037844387,-0.4999999999999998,1921-04-01
MADURAI,58.8,0.8660254037844387,-0.4999999999999998,1922-04-01
MADURAI,22.5,0.8660254037844387,-0.4999999999999998,1923-04-01
MADURAI,29.7,0.8660254037844387,-0.4999999999999998,1924-04-01
MADURAI,41.5,0.8660254037844387,-0.4999999999999998,1925-04-01
MADURAI,54.0,0.8660254037844387,-0.4999999999999998,1926-04-01
MADURAI,100.5,0.8660254037844387,-0.4999999999999998,1927-04-01
MADURAI,80.1,0.8660254037844387,-0.4999999999999998,1928-04-01
MADURAI,144.5,0.8660254037844387,-0.4999999999999998,1929-04-01
MADURAI,51.5,0.8660254037844387,-0.4999999999999998,1930-04-01
MADURAI,59.4,0.8660254037844387,-0.4999999999999998,1931-04-01
MADURAI,65.7,0.8660254037844387,-0.4999999999999998,1932-04-01
MADURAI,75.7,0.8660254037844387,-0.4999999999999998,1933-04-01
MADURAI,31.4,0.8660254037844387,-0.4999999999999998,1934-04-01
MADURAI,49.9,0.8660254037844387,-0.4999999999999998,1935-04-01
MADURAI,52.7,0.8660254037844387,-0.4999999999999998,1936-04-01
MADURAI,79.5,0.8660254037844387,-0.4999999999999998,1937-04-01
MADURAI,36.8,0.8660254037844387,-0.4999999999999998,1938-04-01
MADURAI,90.0,0.8660254037844387,-0.4999999999999998,1939-04-01
MADURAI,124.7,0.8660254037844387,-0.4999999999999998,1940-04-01
MADURAI,150.8,0.8660254037844387,-0.4999999999999998,1941-04-01
MADURAI,99.8,0.8660254037844387,-0.4999999999999998,1942-04-01
MADURAI,77.4,0.8660254037844387,-0.4999999999999998,1943-04-01
MADURAI,63.5,0.8660254037844387,-0.4999999999999998,1944-04-01
MADURAI,79.8,0.8660254037844387,-0.4999999999999998,1945-04-01
MADURAI,59.3,0.8660254037844387,-0.4999999999999998,1946-04-01
MADURAI,247.1,0.8660254037844387,-0.4999999999999998,1947-04-01
MADURAI,26.1,0.8660254037844387,-0.4999999999999998,1948-04-01
MADURAI,114.7,0.8660254037844387,-0.4999999999999998,1949-04-01
MADURAI,25.7,0.8660254037844387,-0.4999999999999998,1950-04-01
MADURAI,190.1,0.8660254037844387,-0.4999999999999998,1951-04-01
MADURAI,12.4,0.8660254037844387,-0.4999999999999998,1952-04-01
MADURAI,200.6,0.8660254037844387,-0.4999999999999998,1953-04-01
MADURAI,91.4,0.8660254037844387,-0.4999999999999998,1954-04-01
MADURAI,90.4,0.8660254037844387,-0.4999999999999998,1955-04-01
MADURAI,35.6,0.8660254037844387,-0.4999999999999998,1956-04-01
MADURAI,16.1,0.8660254037844387,-0.4999999999999998,1957-04-01
MADURAI,44.6,0.8660254037844387,-0.4999999999999998,1958-04-01
MADURAI,73.1,0.8660254037844387,-0.4999999999999998,1959-04-01
MADURAI,69.8,0.8660254037844387,-0.4999999999999998,1960-04-01
MADURAI,15.1,0.8660254037844387,-0.4999999999999998,1961-04-01
MADURAI,27.3,0.8660254037844387,-0.4999999999999998,1962-04-01
MADURAI,40.7,0.8660254037844387,-0.4999999999999998,1963-04-01
MADURAI,6.3,0.8660254037844387,-0.4999999999999998,1964-04-01
MADURAI,40.6,0.8660254037844387,-0.4999999999999998,1965-04-01
MADURAI,39.6,0.8660254037844387,-0.4999999999999998,1966-04-01
MADURAI,20.3,0.8660254037844387,-0.4999999999999998,1967-04-01
MADURAI,126.8,0.8660254037844387,-0.4999999999999998,1968-04-01
MADURAI,69.7,0.8660254037844387,-0.4999999999999998,1969-04-01
MADURAI,50.8,0.8660254037844387,-0.4999999999999998,1970-04-01
MADURAI,19.0,0.8660254037844387,-0.4999999999999998,1971-04-01
MADURAI,3.0,0.8660254037844387,-0.4999999999999998,1972-04-01
MADURAI,20.9,0.8660254037844387,-0.4999999999999998,1973-04-01
MADURAI,43.7,0.8660254037844387,-0.4999999999999998,1974-04-01
MADURAI,13.1,0.8660254037844387,-0.4999999999999998,1975-04-01
MADURAI,68.8,0.8660254037844387,-0.4999999999999998,1976-04-01
MADURAI,58.5,0.8660254037844387,-0.4999999999999998,1977-04-01
MADURAI,42.9,0.8660254037844387,-0.4999999999999998,1978-04-01
MADURAI,26.0,0.8660254037844387,-0.4999999999999998,1979-04-01
MADURAI,71.5,0.8660254037844387,-0.4999999999999998,1980-04-01
MADURAI,18.5,0.8660254037844387,-0.4999999999999998,1981-04-01
MADURAI,45.8,0.8660254037844387,-0.4999999999999998,1982-04-01
MADURAI,0.4,0.8660254037844387,-0.4999999999999998,1983-04-01
MADURAI,58.8,0.8660254037844387,-0.4999999999999998,1984-04-01
MADURAI,21.7,0.8660254037844387,-0.4999999999999998,1985-04-01
MADURAI,11.1,0.8660254037844387,-0.4999999999999998,1986-04-01
MADURAI,24.3,0.8660254037844387,-0.4999999999999998,1987-04-01
MADURAI,137.4,0.8660254037844387,-0.4999999999999998,1988-04-01
MADURAI,56.1,0.8660254037844387,-0.4999999999999998,1989-04-01
MADURAI,10.9,0.8660254037844387,-0.4999999999999998,1990-04-01
MADURAI,69.0,0.8660254037844387,-0.4999999999999998,1991-04-01
MADURAI,73.8,0.8660254037844387,-0.4999999999999998,1992-04-01
MADURAI,18.6,0.8660254037844387,-0.4999999999999998,1993-04-01
MADURAI,47.3,0.8660254037844387,-0.4999999999999998,1994-04-01
MADURAI,58.7,0.8660254037844387,-0.4999999999999998,1995-04-01
MADURAI,128.0,0.8660254037844387,-0.4999999999999998,1996-04-01
MADURAI,85.9,0.8660254037844387,-0.4999999999999998,1997-04-01
MADURAI,67.0,0.8660254037844387,-0.4999999999999998,1998-04-01
MADURAI,97.7,0.8660254037844387,-0.4999999999999998,1999-04-01
MADURAI,37.3,0.8660254037844387,-0.4999999999999998,2000-04-01
MADURAI,125.3,0.8660254037844387,-0.4999999999999998,2001-04-01
MADURAI,12.5,0.8660254037844387,-0.4999999999999998,2002-04-01
MADURAI,29.5,0.8660254037844387,-0.4999999999999998,2003-04-01
MADURAI,14.7,0.8660254037844387,-0.4999999999999998,2004-04-01
MADURAI,128.0,0.8660254037844387,-0.4999999999999998,2005-04-01
MADURAI,57.3,0.8660254037844387,-0.4999999999999998,2006-04-01
MADURAI,58.8,0.8660254037844387,-0.4999999999999998,2007-04-01
MADURAI,34.0,0.8660254037844387,-0.4999999999999998,2008-04-01
MADURAI,89.7,0.8660254037844387,-0.4999999999999998,2009-04-01
MADURAI,59.6,0.8660254037844387,-0.4999999999999998,2010-04-01
MADURAI,49.9,0.8660254037844387,-0.4999999999999998,2012-04-01
MADURAI,21.4,0.8660254037844387,-0.4999999999999998,2013-04-01
MADURAI,3.5,0.8660254037844387,-0.4999999999999998,2014-04-01
MADURAI,158.7,0.8660254037844387,-0.4999999999999998,2015-04-01
MADURAI,15.8,0.8660254037844387,-0.4999999999999998,2016-04-01
MADURAI,12.8,0.8660254037844387,-0.4999999999999998,2017-04-01
MADURAI,41.5,0.8660254037844387,-0.4999999999999998,2018-04-01
MADURAI,17.3,0.8660254037844387,-0.4999999999999998,2019-04-01
MADURAI,14.0,0.8660254037844387,-0.4999999999999998,2020-04-01
MADURAI,31.8,0.8660254037844387,-0.4999999999999998,2021-04-01
MADURAI,86.5,0.8660254037844387,-0.4999999999999998,2022-04-01
MADURAI,79.4,0.49999999999999994,-0.8660254037844387,1901-05-01
MADURAI,75.3,0.49999999999999994,-0.8660254037844387,1902-05-01
MADURAI,90.6,0.49999999999999994,-0.8660254037844387,1903-05-01
MADURAI,141.5,0.49999999999999994,-0.8660254037844387,1904-05-01
MADURAI,96.2,0.49999999999999994,-0.8660254037844387,1905-05-01
MADURAI,36.9,0.49999999999999994,-0.8660254037844387,1906-05-01
MADURAI,65.5,0.49999999999999994,-0.8660254037844387,1907-05-01
MADURAI,53.5,0.49999999999999994,-0.8660254037844387,1908-05-01
MADURAI,88.2,0.49999999999999994,-0.8660254037844387,1909-05-01
MADURAI,55.5,0.49999999999999994,-0.8660254037844387,1910-05-01
MADURAI,53.2,0.49999999999999994,-0.8660254037844387,1911-05-01
MADURAI,105.1,0.49999999999999994,-0.8660254037844387,1912-05-01
MADURAI,79.9,0.49999999999999994,-0.8660254037844387,1913-05-01
MADURAI,72.3,0.49999999999999994,-0.8660254037844387,1914-05-01
MADURAI,62.5,0.49999999999999994,-0.8660254037844387,1915-05-01
MADURAI,79.7,0.49999999999999994,-0.8660254037844387,1916-05-01
MADURAI,110.6,0.49999999999999994,-0.8660254037844387,1917-05-01
MADURAI,83.7,0.49999999999999994,-0.8660254037844387,1918-05-01
MADURAI,102.4,0.49999999999999994,-0.8660254037844387,1919-05-01
MADURAI,135.1,0.49999999999999994,-0.8660254037844387,1920-05-01
MADURAI,37.2,0.49999999999999994,-0.8660254037844387,1921-05-01
MADURAI,140.7,0.49999999999999994,-0.8660254037844387,1922-05-01
MADURAI,41.0,0.49999999999999994,-0.8660254037844387,1923-05-01
MADURAI,81.0,0.49999999999999994,-0.8660254037844387,1924-05-01
MADURAI,78.2,0.49999999999999994,-0.8660254037844387,1925-05-01
MADURAI,60.1,0.49999999999999994,-0.8660254037844387,1926-05-01
MADURAI,112.1,0.49999999999999994,-0.8660254037844387,1927-05-01
MADURAI,71.0,0.49999999999999994,-0.8660254037844387,1928-05-01
MADURAI,46.4,0.49999999999999994,-0.8660254037844387,1929-05-01
MADURAI,86.7,0.49999999999999994,-0.8660254037844387,1930-05-01
MADURAI,50.4,0.49999999999999994,-0.8660254037844387,1931-05-01
MADURAI,92.8,0.49999999999999994,-0.8660254037844387,1932-05-01
MADURAI,112.7,0.49999999999999994,-0.8660254037844387,1933-05-01
MADURAI,52.0,0.49999999999999994,-0.8660254037844387,1934-05-01
MADURAI,33.1,0.49999999999999994,-0.8660254037844387,1935-05-01
MADURAI,45.0,0.49999999999999994,-0.8660254037844387,1936-05-01
MADURAI,53.3,0.49999999999999994,-0.8660254037844387,1937-05-01
MADURAI,58.0,0.49999999999999994,-0.8660254037844387,1938-05-01
MADURAI,64.5,0.49999999999999994,-0.8660254037844387,1939-05-01
MADURAI,106.4,0.49999999999999994,-0.8660254037844387,1940-05-01
MADURAI,32.0,0.49999999999999994,-0.8660254037844387,1941-05-01
MADURAI,43.1,0.49999999999999994,-0.8660254037844387,1942-05-01
MADURAI,46.8,0.49999999999999994,-0.8660254037844387,1943-05-01
MADURAI,56.6,0.49999999999999994,-0.8660254037844387,1944-05-01
MADURAI,65.5,0.49999999999999994,-0.8660254037844387,1945-05-01
MADURAI,70.9,0.49999999999999994,-0.8660254037844387,1946-05-01
MADURAI,64.5,0.49999999999999994,-0.8660254037844387,1947-05-01
MADURAI,71.4,0.49999999999999994,-0.8660254037844387,1948-05-01
MADURAI,110.8,0.49999999999999994,-0.8660254037844387,1949-05-01
MADURAI,74.3,0.49999999999999994,-0.8660254037844387,1950-05-01
MADURAI,68.8,0.49999999999999994,-0.8660254037844387,1951-05-01
MADURAI,26.8,0.49999999999999994,-0.8660254037844387,1952-05-01
MADURAI,33.5,0.49999999999999994,-0.8660254037844387,1953-05-01
MADURAI,133.8,0.49999999999999994,-0.8660254037844387,1954-05-01
MADURAI,75.3,0.49999999999999994,-0.8660254037844387,1955-05-01
MADURAI,28.5,0.49999999999999994,-0.8660254037844387,1956-05-01
MADURAI,64.5,0.49999999999999994,-0.8660254037844387,1957-05-01
MADURAI,120.3,0.49999999999999994,-0.8660254037844387,1958-05-01
MADURAI,56.4,0.49999999999999994,-0.8660254037844387,1959-05-01
MADURAI,44.1,0.49999999999999994,-0.8660254037844387,1960-05-01
MADURAI,109.9,0.49999999999999994,-0.8660254037844387,1961-05-01
MADURAI,63.3,0.49999999999999994,-0.8660254037844387,1962-05-01
MADURAI,26.1,0.49999999999999994,-0.8660254037844387,1963-05-01
MADURAI,54.0,0.49999999999999994,-0.8660254037844387,1964-05-01
MADURAI,36.7,0.49999999999999994,-0.8660254037844387,1965-05-01
MADURAI,16.2,0.49999999999999994,-0.8660254037844387,1966-05-01
MADURAI,35.8,0.49999999999999994,-0.8660254037844387,1967-05-01
MADURAI,7.0,0.49999999999999994,-0.8660254037844387,1968-05-01
MADURAI,36.0,0.49999999999999994,-0.8660254037844387,1969-05-01
MADURAI,70.5,0.49999999999999994,-0.8660254037844387,1970-05-01
MADURAI,89.3,0.49999999999999994,-0.8660254037844387,1971-05-01
MADURAI,211.5,0.49999999999999994,-0.8660254037844387,1972-05-01
MADURAI,62.8,0.49999999999999994,-0.8660254037844387,1973-05-01
MADURAI,27.7,0.49999999999999994,-0.8660254037844387,1974-05-01
MADURAI,104.7,0.49999999999999994,-0.8660254037844387,1975-05-01
MADURAI,31.6,0.49999999999999994,-0.8660254037844387,1976-05-01
MADURAI,138.8,0.49999999999999994,-0.8660254037844387,1977-05-01
MADURAI,42.6,0.49999999999999994,-0.8660254037844387,1978-05-01
MADURAI,22.5,0.49999999999999994,-0.8660254037844387,1979-05-01
MADURAI,53.0,0.49999999999999994,-0.8660254037844387,1980-05-01
MADURAI,68.4,0.49999999999999994,-0.8660254037844387,1981-05-01
MADURAI,62.9,0.49999999999999994,-0.8660254037844387,1982-05-01
MADURAI,114.1,0.49999999999999994,-0.8660254037844387,1983-05-01
MADURAI,18.3,0.49999999999999994,-0.8660254037844387,1984-05-01
MADURAI,26.4,0.49999999999999994,-0.8660254037844387,1985-05-01
MADURAI,77.8,0.49999999999999994,-0.8660254037844387,1986-05-01
MADURAI,79.6,0.49999999999999994,-0.8660254037844387,1987-05-01
MADURAI,41.0,0.49999999999999994,-0.8660254037844387,1988-05-01
MADURAI,64.9,0.49999999999999994,-0.8660254037844387,1989-05-01
MADURAI,78.7,0.49999999999999994,-0.8660254037844387,1990-05-01
MADURAI,16.0,0.49999999999999994,-0.8660254037844387,1991-05-01
MADURAI,84.3,0.49999999999999994,-0.8660254037844387,1992-05-01
MADURAI,63.8,0.49999999999999994,-0.8660254037844387,1993-05-01
MADURAI,92.6,0.49999999999999994,-0.8660254037844387,1994-05-01
MADURAI,162.0,0.49999999999999994,-0.8660254037844387,1995-05-01
MADURAI,39.8,0.49999999999999994,-0.8660254037844387,1996-05-01
MADURAI,61.1,0.49999999999999994,-0.8660254037844387,1997-05-01
MADURAI,58.5,0.49999999999999994,-0.8660254037844387,1998-05-01
MADURAI,76.1,0.49999999999999994,-0.8660254037844387,1999-05-01
MADURAI,83.4,0.49999999999999994,-0.8660254037844387,2000-05-01
MADURAI,36.5,0.49999999999999994,-0.8660254037844387,2001-05-01
MADURAI,24.6,0.49999999999999994,-0.8660254037844387,2002-05-01
MADURAI,38.1,0.49999999999999994,-0.8660254037844387,2003-05-01
MADURAI,60.6,0.49999999999999994,-0.8660254037844387,2004-05-01
MADURAI,133.7,0.49999999999999994,-0.8660254037844387,2005-05-01
MADURAI,33.2,0.49999999999999994,-0.8660254037844387,2006-05-01
MADURAI,42.8,0.49999999999999994,-0.8660254037844387,2007-05-01
MADURAI,66.5,0.49999999999999994,-0.8660254037844387,2008-05-01
MADURAI,81.8,0.49999999999999994,-0.8660254037844387,2009-05-01
MADURAI,124.2,0.49999999999999994,-0.8660254037844387,2010-05-01
MADURAI,79.0,0.49999999999999994,-0.8660254037844387,2012-05-01
MADURAI,38.7,0.49999999999999994,-0.8660254037844387,2013-05-01
MADURAI,183.5,0.49999999999999994,-0.8660254037844387,2014-05-01
MADURAI,137.0,0.49999999999999994,-0.8660254037844387,2015-05-01
MADURAI,54.1,0.49999999999999994,-0.8660254037844387,2016-05-01
MADURAI,76.5,0.49999999999999994,-0.8660254037844387,2017-05-01
MADURAI,127.1,0.49999999999999994,-0.8660254037844387,2018-05-01
MADURAI,37.1,0.49999999999999994,-0.8660254037844387,2019-05-01
MADURAI,45.8,0.49999999999999994,-0.8660254037844387,2020-05-01
MADURAI,62.3,0.49999999999999994,-0.8660254037844387,2021-05-01
MADURAI,86.2,0.49999999999999994,-0.8660254037844387,2022-05-01
MADURAI,25.4,1.2246467991473532e-16,-1.0,1901-06-01
MADURAI,77.8,1.2246467991473532e-16,-1.0,1902-06-01
MADURAI,54.4,1.2246467991473532e-16,-1.0,1903-06-01
MADURAI,1.3,1.2246467991473532e-16,-1.0,1904-06-01
MADURAI,26.3,1.2246467991473532e-16,-1.0,1905-06-01
MADURAI,50.6,1.2246467991473532e-16,-1.0,1906-06-01
MADURAI,27.1,1.2246467991473532e-16,-1.0,1907-06-01
MADURAI,6.3,1.2246467991473532e-16,-1.0,1908-06-01
MADURAI,27.0,1.2246467991473532e-16,-1.0,1909-06-01
MADURAI,86.9,1.2246467991473532e-16,-1.0,1910-06-01
MADURAI,90.6,1.2246467991473532e-16,-1.0,1911-06-01
MADURAI,35.9,1.2246467991473532e-16,-1.0,1912-06-01
MADURAI,39.3,1.2246467991473532e-16,-1.0,1913-06-01
MADURAI,30.1,1.2246467991473532e-16,-1.0,1914-06-01
MADURAI,52.5,1.2246467991473532e-16,-1.0,1915-06-01
MADURAI,6.2,1.2246467991473532e-16,-1.0,1916-06-01
MADURAI,36.9,1.2246467991473532e-16,-1.0,1917-06-01
MADURAI,22.8,1.2246467991473532e-16,-1.0,1918-06-01
MADURAI,21.9,1.2246467991473532e-16,-1.0,1919-06-01
MADURAI,44.3,1.2246467991473532e-16,-1.0,1920-06-01
MADURAI,67.7,1.2246467991473532e-16,-1.0,1921-06-01
MADURAI,21.4,1.2246467991473532e-16,-1.0,1922-06-01
MADURAI,9.5,1.2246467991473532e-16,-1.0,1923-06-01
MADURAI,26.8,1.2246467991473532e-16,-1.0,1924-06-01
MADURAI,50.3,1.2246467991473532e-16,-1.0,1925-06-01
MADURAI,20.1,1.2246467991473532e-16,-1.0,1926-06-01
MADURAI,62.8,1.2246467991473532e-16,-1.0,1927-06-01
MADURAI,4.9,1.2246467991473532e-16,-1.0,1928-06-01
MADURAI,23.1,1.2246467991473532e-16,-1.0,1929-06-01
MADURAI,58.3,1.2246467991473532e-16,-1.0,1930-06-01
MADURAI,16.7,1.2246467991473532e-16,-1.0,1931-06-01
MADURAI,44.9,1.2246467991473532e-16,-1.0,1932-06-01
MADURAI,10.7,1.2246467991473532e-16,-1.0,1933-06-01
MADURAI,55.4,1.2246467991473532e-16,-1.0,1934-06-01
MADURAI,74.7,1.2246467991473532e-16,-1.0,1935-06-01
MADURAI,14.4,1.2246467991473532e-16,-1.0,1936-06-01
MADURAI,17.5,1.2246467991473532e-16,-1.0,1937-06-01
MADURAI,13.3,1.2246467991473532e-16,-1.0,1938-06-01
MADURAI,61.0,1.2246467991473532e-16,-1.0,1939-06-01
MADURAI,74.8,1.2246467991473532e-16,-1.0,1940-06-01
MADURAI,32.6,1.2246467991473532e-16,-1.0,1941-06-01
MADURAI,20.8,1.2246467991473532e-16,-1.0,1942-06-01
MADURAI,11.4,1.2246467991473532e-16,-1.0,1943-06-01
MADURAI,43.1,1.2246467991473532e-16,-1.0,1944-06-01
MADURAI,5.7,1.2246467991473532e-16,-1.0,1945-06-01
MADURAI,15.2,1.2246467991473532e-16,-1.0,1946-06-01
MADURAI,8.6,1.2246467991473532e-16,-1.0,1947-06-01
MADURAI,14.2,1.2246467991473532e-16,-1.0,1948-06-01
MADURAI,41.3,1.2246467991473532e-16,-1.0,1949-06-01
MADURAI,0.8,1.2246467991473532e-16,-1.0,1950-06-01
MADURAI,0.4,1.2246467991473532e-16,-1.0,1951-06-01
MADURAI,19.4,1.2246467991473532e-16,-1.0,1952-06-01
MADURAI,79.5,1.2246467991473532e-16,-1.0,1953-06-01
MADURAI,33.7,1.2246467991473532e-16,-1.0,1954-06-01
MADURAI,18.2,1.2246467991473532e-16,-1.0,1955-06-01
MADURAI,60.1,1.2246467991473532e-16,-1.0,1956-06-01
MADURAI,12.4,1.2246467991473532e-16,-1.0,1957-06-01
MADURAI,16.4,1.2246467991473532e-16,-1.0,1958-06-01
MADURAI,53.0,1.2246467991473532e-16,-1.0,1959-06-01
MADURAI,24.2,1.2246467991473532e-16,-1.0,1960-06-01
MADURAI,60.9,1.2246467991473532e-16,-1.0,1961-06-01
MADURAI,41.9,1.2246467991473532e-16,-1.0,1962-06-01
MADURAI,48.3,1.2246467991473532e-16,-1.0,1963-06-01
MADURAI,36.6,1.2246467991473532e-16,-1.0,1964-06-01
MADURAI,3.7,1.2246467991473532e-16,-1.0,1965-06-01
MADURAI,65.9,1.2246467991473532e-16,-1.0,1966-06-01
MADURAI,80.2,1.2246467991473532e-16,-1.0,1967-06-01
MADURAI,38.8,1.2246467991473532e-16,-1.0,1968-06-01
MADURAI,27.3,1.2246467991473532e-16,-1.0,1969-06-01
MADURAI,32.6,1.2246467991473532e-16,-1.0,1970-06-01
MADURAI,19.2,1.2246467991473532e-16,-1.0,1971-06-01
MADURAI,47.9,1.2246467991473532e-16,-1.0,1972-06-01
MADURAI,19.4,1.2246467991473532e-16,-1.0,1973-06-01
MADURAI,43.6,1.2246467991473532e-16,-1.0,1974-06-01
MADURAI,0.6,1.2246467991473532e-16,-1.0,1975-06-01
MADURAI,41.8,1.2246467991473532e-16,-1.0,1976-06-01
MADURAI,25.4,1.2246467991473532e-16,-1.0,1977-06-01
MADURAI,1.6,1.2246467991473532e-16,-1.0,1978-06-01
MADURAI,29.0,1.2246467991473532e-16,-1.0,1979-06-01
MADURAI,9.2,1.2246467991473532e-16,-1.0,1980-06-01
MADURAI,70.9,1.2246467991473532e-16,-1.0,1981-06-01
MADURAI,17.6,1.2246467991473532e-16,-1.0,1982-06-01
MADURAI,65.7,1.2246467991473532e-16,-1.0,1983-06-01
MADURAI,0.2,1.2246467991473532e-16,-1.0,1984-06-01
MADURAI,25.1,1.2246467991473532e-16,-1.0,1985-06-01
MADURAI,9.1,1.2246467991473532e-16,-1.0,1986-06-01
MADURAI,50.4,1.2246467991473532e-16,-1.0,1987-06-01
MADURAI,31.2,1.2246467991473532e-16,-1.0,1988-06-01
MADURAI,35.9,1.2246467991473532e-16,-1.0,1989-06-01
MADURAI,66.7,1.2246467991473532e-16,-1.0,1990-06-01
MADURAI,117.7,1.2246467991473532e-16,-1.0,1991-06-01
MADURAI,56.0,1.2246467991473532e-16,-1.0,1992-06-01
MADURAI,52.7,1.2246467991473532e-16,-1.0,1993-06-01
MADURAI,27.7,1.2246467991473532e-16,-1.0,1994-06-01
MADURAI,82.7,1.2246467991473532e-16,-1.0,1995-06-01
MADURAI,89.7,1.2246467991473532e-16,-1.0,1996-06-01
MADURAI,47.0,1.2246467991473532e-16,-1.0,1997-06-01
MADURAI,124.6,1.2246467991473532e-16,-1.0,1998-06-01
MADURAI,43.4,1.2246467991473532e-16,-1.0,1999-06-01
MADURAI,59.0,1.2246467991473532e-16,-1.0,2000-06-01
MADURAI,47.1,1.2246467991473532e-16,-1.0,2001-06-01
MADURAI,15.4,1.2246467991473532e-16,-1.0,2002-06-01
MADURAI,10.8,1.2246467991473532e-16,-1.0,2003-06-01
MADURAI,25.9,1.2246467991473532e-16,-1.0,2004-06-01
MADURAI,9.6,1.2246467991473532e-16,-1.0,2005-06-01
MADURAI,15.4,1.2246467991473532e-16,-1.0,2006-06-01
MADURAI,62.6,1.2246467991473532e-16,-1.0,2007-06-01
MADURAI,49.1,1.2246467991473532e-16,-1.0,2008-06-01
MADURAI,27.5,1.2246467991473532e-16,-1.0,2009-06-01
MADURAI,64.2,1.2246467991473532e-16,-1.0,2010-06-01
MADURAI,5.9,1.2246467991473532e-16,-1.0,2012-06-01
MADURAI,21.3,1.2246467991473532e-16,-1.0,2013-06-01
MADURAI,32.5,1.2246467991473532e-16,-1.0,2014-06-01
MADURAI,44.2,1.2246467991473532e-16,-1.0,2015-06-01
MADURAI,10.1,1.2246467991473532e-16,-1.0,2016-06-01
MADURAI,39.7,1.2246467991473532e-16,-1.0,2017-06-01
MADURAI,11.4,1.2246467991473532e-16,-1.0,2018-06-01
MADURAI,22.8,1.2246467991473532e-16,-1.0,2019-06-01
MADURAI,65.3,1.2246467991473532e-16,-1.0,2020-06-01
MADURAI,63.4,1.2246467991473532e-16,-1.0,2021-06-01
MADURAI,63.6,1.2246467991473532e-16,-1.0,2022-06-01
MADURAI,9.9,-0.4999999999999997,-0.8660254037844388,1901-07-01
MADURAI,9.6,-0.4999999999999997,-0.8660254037844388,1902-07-01
MADURAI,40.3,-0.4999999999999997,-0.8660254037844388,1903-07-01
MADURAI,60.3,-0.4999999999999997,-0.8660254037844388,1904-07-01
MADURAI,4.4,-0.4999999999999997,-0.8660254037844388,1905-07-01
MADURAI,39.3,-0.4999999999999997,-0.8660254037844388,1906-07-01
MADURAI,62.9,-0.4999999999999997,-0.8660254037844388,1907-07-01
MADURAI,22.1,-0.4999999999999997,-0.8660254037844388,1908-07-01
MADURAI,2.1,-0.4999999999999997,-0.8660254037844388,1909-07-01
MADURAI,130.5,-0.4999999999999997,-0.8660254037844388,1910-07-01
MADURAI,10.0,-0.4999999999999997,-0.8660254037844388,1911-07-01
MADURAI,1.3,-0.4999999999999997,-0.8660254037844388,1912-07-01
MADURAI,22.6,-0.4999999999999997,-0.8660254037844388,1913-07-01
MADURAI,4.3,-0.4999999999999997,-0.8660254037844388,1914-07-01
MADURAI,96.3,-0.4999999999999997,-0.8660254037844388,1915-07-01
MADURAI,174.9,-0.4999999999999997,-0.8660254037844388,1916-07-01
MADURAI,23.7,-0.4999999999999997,-0.8660254037844388,1917-07-01
MADURAI,49.9,-0.4999999999999997,-0.8660254037844388,1918-07-01
MADURAI,64.9,-0.4999999999999997,-0.8660254037844388,1919-07-01
MADURAI,7.4,-0.4999999999999997,-0.8660254037844388,1920-07-01
MADURAI,97.8,-0.4999999999999997,-0.8660254037844388,1921-07-01
MADURAI,2.8,-0.4999999999999997,-0.8660254037844388,1922-07-01
MADURAI,2.3,-0.4999999999999997,-0.8660254037844388,1923-07-01
MADURAI,70.5,-0.4999999999999997,-0.8660254037844388,1924-07-01
MADURAI,39.5,-0.4999999999999997,-0.8660254037844388,1925-07-01
MADURAI,28.8,-0.4999999999999997,-0.8660254037844388,1926-07-01
MADURAI,8.1,-0.4999999999999997,-0.8660254037844388,1927-07-01
MADURAI,78.1,-0.4999999999999997,-0.8660254037844388,1928-07-01
MADURAI,5.1,-0.4999999999999997,-0.8660254037844388,1929-07-01
MADURAI,11.5,-0.4999999999999997,-0.8660254037844388,1930-07-01
MADURAI,59.9,-0.4999999999999997,-0.8660254037844388,1931-07-01
MADURAI,11.8,-0.4999999999999997,-0.8660254037844388,1932-07-01
MADURAI,45.7,-0.4999999999999997,-0.8660254037844388,1933-07-01
MADURAI,34.7,-0.4999999999999997,-0.8660254037844388,1934-07-01
MADURAI,9.0,-0.4999999999999997,-0.8660254037844388,1935-07-01
MADURAI,63.0,-0.4999999999999997,-0.8660254037844388,1936-07-01
MADURAI,5.0,-0.4999999999999997,-0.8660254037844388,1937-07-01
MADURAI,108.0,-0.4999999999999997,-0.8660254037844388,1938-07-01
MADURAI,7.2,-0.4999999999999997,-0.8660254037844388,1939-07-01
MADURAI,26.1,-0.4999999999999997,-0.8660254037844388,1940-07-01
MADURAI,19.2,-0.4999999999999997,-0.8660254037844388,1941-07-01
MADURAI,10.5,-0.4999999999999997,-0.8660254037844388,1942-07-01
MADURAI,9.9,-0.4999999999999997,-0.8660254037844388,1943-07-01
MADURAI,22.8,-0.4999999999999997,-0.8660254037844388,1944-07-01
MADURAI,20.7,-0.4999999999999997,-0.8660254037844388,1945-07-01
MADURAI,22.2,-0.4999999999999997,-0.8660254037844388,1946-07-01
MADURAI,36.8,-0.4999999999999997,-0.8660254037844388,1947-07-01
MADURAI,44.4,-0.4999999999999997,-0.8660254037844388,1948-07-01
MADURAI,87.7,-0.4999999999999997,-0.8660254037844388,1949-07-01
MADURAI,30.9,-0.4999999999999997,-0.8660254037844388,1950-07-01
MADURAI,77.5,-0.4999999999999997,-0.8660254037844388,1951-07-01
MADURAI,25.3,-0.4999999999999997,-0.8660254037844388,1952-07-01
MADURAI,75.5,-0.4999999999999997,-0.8660254037844388,1953-07-01
MADURAI,39.7,-0.4999999999999997,-0.8660254037844388,1954-07-01
MADURAI,88.8,-0.4999999999999997,-0.8660254037844388,1955-07-01
MADURAI,11.9,-0.4999999999999997,-0.8660254037844388,1956-07-01
MADURAI,41.5,-0.4999999999999997,-0.8660254037844388,1957-07-01
MADURAI,1.8,-0.4999999999999997,-0.8660254037844388,1958-07-01
MADURAI,2.8,-0.4999999999999997,-0.8660254037844388,1959-07-01
MADURAI,134.5,-0.4999999999999997,-0.8660254037844388,1960-07-01
MADURAI,5.7,-0.4999999999999997,-0.8660254037844388,1961-07-01
MADURAI,7.0,-0.4999999999999997,-0.8660254037844388,1962-07-01
MADURAI,86.8,-0.4999999999999997,-0.8660254037844388,1963-07-01
MADURAI,183.3,-0.4999999999999997,-0.8660254037844388,1964-07-01
MADURAI,22.7,-0.4999999999999997,-0.8660254037844388,1965-07-01
MADURAI,34.2,-0.4999999999999997,-0.8660254037844388,1966-07-01
MADURAI,14.8,-0.4999999999999997,-0.8660254037844388,1967-07-01
MADURAI,0.6,-0.4999999999999997,-0.8660254037844388,1968-07-01
MADURAI,12.1,-0.4999999999999997,-0.8660254037844388,1969-07-01
MADURAI,81.4,-0.4999999999999997,-0.8660254037844388,1970-07-01
MADURAI,98.0,-0.4999999999999997,-0.8660254037844388,1971-07-01
MADURAI,17.1,-0.4999999999999997,-0.8660254037844388,1972-07-01
MADURAI,66.0,-0.4999999999999997,-0.8660254037844388,1973-07-01
MADURAI,23.1,-0.4999999999999997,-0.8660254037844388,1974-07-01
MADURAI,111.6,-0.4999999999999997,-0.8660254037844388,1975-07-01
MADURAI,33.4,-0.4999999999999997,-0.8660254037844388,1976-07-01
MADURAI,47.0,-0.4999999999999997,-0.8660254037844388,1977-07-01
MADURAI,57.8,-0.4999999999999997,-0.8660254037844388,1978-07-01
MADURAI,46.9,-0.4999999999999997,-0.8660254037844388,1979-07-01
MADURAI,10.5,-0.4999999999999997,-0.8660254037844388,1980-07-01
MADURAI,97.0,-0.4999999999999997,-0.8660254037844388,1981-07-01
MADURAI,22.3,-0.4999999999999997,-0.8660254037844388,1982-07-01
MADURAI,74.5,-0.4999999999999997,-0.8660254037844388,1983-07-01
MADURAI,95.9,-0.4999999999999997,-0.8660254037844388,1984-07-01
MADURAI,31.0,-0.4999999999999997,-0.8660254037844388,1985-07-01
MADURAI,85.0,-0.4999999999999997,-0.8660254037844388,1986-07-01
MADURAI,8.6,-0.4999999999999997,-0.8660254037844388,1987-07-01
MADURAI,89.9,-0.4999999999999997,-0.8660254037844388,1988-07-01
MADURAI,157.8,-0.4999999999999997,-0.8660254037844388,1989-07-01
MADURAI,52.5,-0.4999999999999997,-0.8660254037844388,1990-07-01
MADURAI,71.7,-0.4999999999999997,-0.8660254037844388,1991-07-01
MADURAI,91.3,-0.4999999999999997,-0.8660254037844388,1992-07-01
MADURAI,75.2,-0.4999999999999997,-0.8660254037844388,1993-07-01
MADURAI,60.9,-0.4999999999999997,-0.8660254037844388,1994-07-01
MADURAI,94.1,-0.4999999999999997,-0.8660254037844388,1995-07-01
MADURAI,82.5,-0.4999999999999997,-0.8660254037844388,1996-07-01
MADURAI,50.2,-0.4999999999999997,-0.8660254037844388,1997-07-01
MADURAI,183.7,-0.4999999999999997,-0.8660254037844388,1998-07-01
MADURAI,52.2,-0.4999999999999997,-0.8660254037844388,1999-07-01
MADURAI,65.5,-0.4999999999999997,-0.8660254037844388,2000-07-01
MADURAI,17.4,-0.4999999999999997,-0.8660254037844388,2001-07-01
MADURAI,10.6,-0.4999999999999997,-0.8660254037844388,2002-07-01
MADURAI,40.2,-0.4999999999999997,-0.8660254037844388,2003-07-01
MADURAI,16.0,-0.4999999999999997,-0.8660254037844388,2004-07-01
MADURAI,64.1,-0.4999999999999997,-0.8660254037844388,2005-07-01
MADURAI,3.5,-0.4999999999999997,-0.8660254037844388,2006-07-01
MADURAI,11.1,-0.4999999999999997,-0.8660254037844388,2007-07-01
MADURAI,62.4,-0.4999999999999997,-0.8660254037844388,2008-07-01
MADURAI,28.7,-0.4999999999999997,-0.8660254037844388,2009-07-01
MADURAI,42.9,-0.4999999999999997,-0.8660254037844388,2010-07-01
MADURAI,28.2,-0.4999999999999997,-0.8660254037844388,2012-07-01
MADURAI,4.4,-0.4999999999999997,-0.8660254037844388,2013-07-01
MADURAI,16.0,-0.4999999999999997,-0.8660254037844388,2014-07-01
MADURAI,21.9,-0.4999999999999997,-0.8660254037844388,2015-07-01
MADURAI,99.2,-0.4999999999999997,-0.8660254037844388,2016-07-01
MADURAI,34.9,-0.4999999999999997,-0.8660254037844388,2017-07-01
MADURAI,55.7,-0.4999999999999997,-0.8660254037844388,2018-07-01
MADURAI,27.4,-0.4999999999999997,-0.8660254037844388,2019-07-01
MADURAI,84.0,-0.4999999999999997,-0.8660254037844388,2020-07-01
MADURAI,121.0,-0.4999999999999997,-0.8660254037844388,2021-07-01
MADURAI,185.1,-0.4999999999999997,-0.8660254037844388,2022-07-01
MADURAI,68.1,-0.8660254037844385,-0.5000000000000004,1901-08-01
MADURAI,102.2,-0.8660254037844385,-0.5000000000000004,1902-08-01
MADURAI,112.0,-0.8660254037844385,-0.5000000000000004,1903-08-01
MADURAI,60.3,-0.8660254037844385,-0.5000000000000004,1904-08-01
MADURAI,100.6,-0.8660254037844385,-0.5000000000000004,1905-08-01
MADURAI,158.6,-0.8660254037844385,-0.5000000000000004,1906-08-01
MADURAI,20.1,-0.8660254037844385,-0.5000000000000004,1907-08-01
MADURAI,62.4,-0.8660254037844385,-0.5000000000000004,1908-08-01
MADURAI,215.0,-0.8660254037844385,-0.5000000000000004,1909-08-01
MADURAI,200.0,-0.8660254037844385,-0.5000000000000004,1910-08-01
MADURAI,14.3,-0.8660254037844385,-0.5000000000000004,1911-08-01
MADURAI,71.4,-0.8660254037844385,-0.5000000000000004,1912-08-01
MADURAI,60.5,-0.8660254037844385,-0.5000000000000004,1913-08-01
MADURAI,107.3,-0.8660254037844385,-0.5000000000000004,1914-08-01
MADURAI,109.8,-0.8660254037844385,-0.5000000000000004,1915-08-01
MADURAI,91.1,-0.8660254037844385,-0.5000000000000004,1916-08-01
MADURAI,168.4,-0.8660254037844385,-0.5000000000000004,1917-08-01
MADURAI,53.2,-0.8660254037844385,-0.5000000000000004,1918-08-01
MADURAI,20.3,-0.8660254037844385,-0.5000000000000004,1919-08-01
MADURAI,105.5,-0.8660254037844385,-0.5000000000000004,1920-08-01
MADURAI,119.4,-0.8660254037844385,-0.5000000000000004,1921-08-01
MADURAI,72.3,-0.8660254037844385,-0.5000000000000004,1922-08-01
MADURAI,11.2,-0.8660254037844385,-0.5000000000000004,1923-08-01
MADURAI,65.6,-0.8660254037844385,-0.5000000000000004,1924-08-01
MADURAI,68.4,-0.8660254037844385,-0.5000000000000004,1925-08-01
MADURAI,83.5,-0.8660254037844385,-0.5000000000000004,1926-08-01
MADURAI,78.0,-0.8660254037844385,-0.5000000000000004,1927-08-01
MADURAI,15.5,-0.8660254037844385,-0.5000000000000004,1928-08-01
MADURAI,53.7,-0.8660254037844385,-0.5000000000000004,1929-08-01
MADURAI,73.2,-0.8660254037844385,-0.5000000000000004,1930-08-01
MADURAI,25.2,-0.8660254037844385,-0.5000000000000004,1931-08-01
MADURAI,165.6,-0.8660254037844385,-0.5000000000000004,1932-08-01
MADURAI,262.6,-0.8660254037844385,-0.5000000000000004,1933-08-01
MADURAI,25.1,-0.8660254037844385,-0.5000000000000004,1934-08-01
MADURAI,135.7,-0.8660254037844385,-0.5000000000000004,1935-08-01
MADURAI,33.8,-0.8660254037844385,-0.5000000000000004,1936-08-01
MADURAI,126.1,-0.8660254037844385,-0.5000000000000004,1937-08-01
MADURAI,105.1,-0.8660254037844385,-0.5000000000000004,1938-08-01
MADURAI,74.2,-0.8660254037844385,-0.5000000000000004,1939-08-01
MADURAI,92.3,-0.8660254037844385,-0.5000000000000004,1940-08-01
MADURAI,63.3,-0.8660254037844385,-0.5000000000000004,1941-08-01
MADURAI,141.9,-0.8660254037844385,-0.5000000000000004,1942-08-01
MADURAI,68.6,-0.8660254037844385,-0.5000000000000004,1943-08-01
MADURAI,107.9,-0.8660254037844385,-0.5000000000000004,1944-08-01
MADURAI,99.1,-0.8660254037844385,-0.5000000000000004,1945-08-01
MADURAI,36.9,-0.8660254037844385,-0.5000000000000004,1946-08-01
MADURAI,98.0,-0.8660254037844385,-0.5000000000000004,1947-08-01
MADURAI,109.4,-0.8660254037844385,-0.5000000000000004,1948-08-01
MADURAI,187.2,-0.8660254037844385,-0.5000000000000004,1949-08-01
MADURAI,158.6,-0.8660254037844385,-0.5000000000000004,1950-08-01
MADURAI,86.9,-0.8660254037844385,-0.5000000000000004,1951-08-01
MADURAI,61.5,-0.8660254037844385,-0.5000000000000004,1952-08-01
MADURAI,88.6,-0.8660254037844385,-0.5000000000000004,1953-08-01
MADURAI,221.4,-0.8660254037844385,-0.5000000000000004,1954-08-01
MADURAI,53.1,-0.8660254037844385,-0.5000000000000004,1955-08-01
MADURAI,127.8,-0.8660254037844385,-0.5000000000000004,1956-08-01
MADURAI,57.1,-0.8660254037844385,-0.5000000000000004,1957-08-01
MADURAI,120.7,-0.8660254037844385,-0.5000000000000004,1958-08-01
MADURAI,57.5,-0.8660254037844385,-0.5000000000000004,1959-08-01
MADURAI,50.2,-0.8660254037844385,-0.5000000000000004,1960-08-01
MADURAI,65.1,-0.8660254037844385,-0.5000000000000004,1961-08-01
MADURAI,86.5,-0.8660254037844385,-0.5000000000000004,1962-08-01
MADURAI,27.6,-0.8660254037844385,-0.5000000000000004,1963-08-01
MADURAI,70.5,-0.8660254037844385,-0.5000000000000004,1964-08-01
MADURAI,121.7,-0.8660254037844385,-0.5000000000000004,1965-08-01
MADURAI,198.9,-0.8660254037844385,-0.5000000000000004,1966-08-01
MADURAI,47.8,-0.8660254037844385,-0.5000000000000004,1967-08-01
MADURAI,50.6,-0.8660254037844385,-0.5000000000000004,1968-08-01
MADURAI,127.9,-0.8660254037844385,-0.5000000000000004,1969-08-01
MADURAI,172.9,-0.8660254037844385,-0.5000000000000004,1970-08-01
MADURAI,181.1,-0.8660254037844385,-0.5000000000000004,1971-08-01
MADURAI,37.6,-0.8660254037844385,-0.5000000000000004,1972-08-01
MADURAI,30.6,-0.8660254037844385,-0.5000000000000004,1973-08-01
MADURAI,25.0,-0.8660254037844385,-0.5000000000000004,1974-08-01
MADURAI,72.9,-0.8660254037844385,-0.5000000000000004,1975-08-01
MADURAI,115.7,-0.8660254037844385,-0.5000000000000004,1976-08-01
MADURAI,159.3,-0.8660254037844385,-0.5000000000000004,1977-08-01
MADURAI,12.6,-0.8660254037844385,-0.5000000000000004,1978-08-01
MADURAI,59.6,-0.8660254037844385,-0.5000000000000004,1979-08-01
MADURAI,18.0,-0.8660254037844385,-0.5000000000000004,1980-08-01
MADURAI,57.0,-0.8660254037844385,-0.5000000000000004,1981-08-01
MADURAI,43.2,-0.8660254037844385,-0.5000000000000004,1982-08-01
MADURAI,71.6,-0.8660254037844385,-0.5000000000000004,1983-08-01
MADURAI,31.5,-0.8660254037844385,-0.5000000000000004,1984-08-01
MADURAI,104.3,-0.8660254037844385,-0.5000000000000004,1985-08-01
MADURAI,76.1,-0.8660254037844385,-0.5000000000000004,1986-08-01
MADURAI,76.3,-0.8660254037844385,-0.5000000000000004,1987-08-01
MADURAI,108.8,-0.8660254037844385,-0.5000000000000004,1988-08-01
MADURAI,59.4,-0.8660254037844385,-0.5000000000000004,1989-08-01
MADURAI,47.8,-0.8660254037844385,-0.5000000000000004,1990-08-01
MADURAI,52.3,-0.8660254037844385,-0.5000000000000004,1991-08-01
MADURAI,80.1,-0.8660254037844385,-0.5000000000000004,1992-08-01
MADURAI,135.6,-0.8660254037844385,-0.5000000000000004,1993-08-01
MADURAI,88.6,-0.8660254037844385,-0.5000000000000004,1994-08-01
MADURAI,123.3,-0.8660254037844385,-0.5000000000000004,1995-08-01
MADURAI,112.6,-0.8660254037844385,-0.5000000000000004,1996-08-01
MADURAI,47.0,-0.8660254037844385,-0.5000000000000004,1997-08-01
MADURAI,110.1,-0.8660254037844385,-0.5000000000000004,1998-08-01
MADURAI,100.6,-0.8660254037844385,-0.5000000000000004,1999-08-01
MADURAI,96.1,-0.8660254037844385,-0.5000000000000004,2000-08-01
MADURAI,6.7,-0.8660254037844385,-0.5000000000000004,2001-08-01
MADURAI,43.4,-0.8660254037844385,-0.5000000000000004,2002-08-01
MADURAI,78.6,-0.8660254037844385,-0.5000000000000004,2003-08-01
MADURAI,26.6,-0.8660254037844385,-0.5000000000000004,2004-08-01
MADURAI,87.9,-0.8660254037844385,-0.5000000000000004,2005-08-01
MADURAI,57.2,-0.8660254037844385,-0.5000000000000004,2006-08-01
MADURAI,109.5,-0.8660254037844385,-0.5000000000000004,2007-08-01
MADURAI,149.0,-0.8660254037844385,-0.5000000000000004,2008-08-01
MADURAI,97.1,-0.8660254037844385,-0.5000000000000004,2009-08-01
MADURAI,41.4,-0.8660254037844385,-0.5000000000000004,2010-08-01
MADURAI,61.6,-0.8660254037844385,-0.5000000000000004,2012-08-01
MADURAI,111.8,-0.8660254037844385,-0.5000000000000004,2013-08-01
MADURAI,105.0,-0.8660254037844385,-0.5000000000000004,2014-08-01
MADURAI,69.6,-0.8660254037844385,-0.5000000000000004,2015-08-01
MADURAI,42.2,-0.8660254037844385,-0.5000000000000004,2016-08-01
MADURAI,156.5,-0.8660254037844385,-0.5000000000000004,2017-08-01
MADURAI,49.0,-0.8660254037844385,-0.5000000000000004,2018-08-01
MADURAI,69.9,-0.8660254037844385,-0.5000000000000004,2019-08-01
MADURAI,93.5,-0.8660254037844385,-0.5000000000000004,2020-08-01
MADURAI,70.6,-0.8660254037844385,-0.5000000000000004,2021-08-01
MADURAI,178.2,-0.8660254037844385,-0.5000000000000004,2022-08-01
MADURAI,265.4,-1.0,-1.8369701987210297e-16,1901-09-01
MADURAI,72.0,-1.0,-1.8369701987210297e-16,1902-09-01
MADURAI,234.3,-1.0,-1.8369701987210297e-16,1903-09-01
MADURAI,131.4,-1.0,-1.8369701987210297e-16,1904-09-01
MADURAI,88.2,-1.0,-1.8369701987210297e-16,1905-09-01
MADURAI,94.4,-1.0,-1.8369701987210297e-16,1906-09-01
MADURAI,123.3,-1.0,-1.8369701987210297e-16,1907-09-01
MADURAI,178.5,-1.0,-1.8369701987210297e-16,1908-09-01
MADURAI,69.5,-1.0,-1.8369701987210297e-16,1909-09-01
MADURAI,75.9,-1.0,-1.8369701987210297e-16,1910-09-01
MADURAI,136.8,-1.0,-1.8369701987210297e-16,1911-09-01
MADURAI,147.4,-1.0,-1.8369701987210297e-16,1912-09-01
MADURAI,101.8,-1.0,-1.8369701987210297e-16,1913-09-01
MADURAI,75.5,-1.0,-1.8369701987210297e-16,1914-09-01
MADURAI,138.1,-1.0,-1.8369701987210297e-16,1915-09-01
MADURAI,69.1,-1.0,-1.8369701987210297e-16,1916-09-01
MADURAI,226.4,-1.0,-1.8369701987210297e-16,1917-09-01
MADURAI,24.4,-1.0,-1.8369701987210297e-16,1918-09-01
MADURAI,131.4,-1.0,-1.8369701987210297e-16,1919-09-01
MADURAI,165.5,-1.0,-1.8369701987210297e-16,1920-09-01
MADURAI,98.4,-1.0,-1.8369701987210297e-16,1921-09-01
MADURAI,55.4,-1.0,-1.8369701987210297e-16,1922-09-01
MADURAI,65.0,-1.0,-1.8369701987210297e-16,1923-09-01
MADURAI,192.4,-1.0,-1.8369701987210297e-16,1924-09-01
MADURAI,40.6,-1.0,-1.8369701987210297e-16,1925-09-01
MADURAI,113.8,-1.0,-1.8369701987210297e-16,1926-09-01
MADURAI,130.2,-1.0,-1.8369701987210297e-16,1927-09-01
MADURAI,50.0,-1.0,-1.8369701987210297e-16,1928-09-01
MADURAI,157.5,-1.0,-1.8369701987210297e-16,1929-09-01
MADURAI,62.5,-1.0,-1.8369701987210297e-16,1930-09-01
MADURAI,62.5,-1.0,-1.8369701987210297e-16,1931-09-01
MADURAI,49.7,-1.0,-1.8369701987210297e-16,1932-09-01
MADURAI,71.2,-1.0,-1.8369701987210297e-16,1933-09-01
MADURAI,30.5,-1.0,-1.8369701987210297e-16,1934-09-01
MADURAI,55.2,-1.0,-1.8369701987210297e-16,1935-09-01
MADURAI,103.3,-1.0,-1.8369701987210297e-16,1936-09-01
MADURAI,163.1,-1.0,-1.8369701987210297e-16,1937-09-01
MADURAI,104.4,-1.0,-1.8369701987210297e-16,1938-09-01
MADURAI,96.6,-1.0,-1.8369701987210297e-16,1939-09-01
MADURAI,145.3,-1.0,-1.8369701987210297e-16,1940-09-01
MADURAI,136.2,-1.0,-1.8369701987210297e-16,1941-09-01
MADURAI,164.3,-1.0,-1.8369701987210297e-16,1942-09-01
MADURAI,78.4,-1.0,-1.8369701987210297e-16,1943-09-01
MADURAI,248.1,-1.0,-1.8369701987210297e-16,1944-09-01
MADURAI,54.0,-1.0,-1.8369701987210297e-16,1945-09-01
MADURAI,165.3,-1.0,-1.8369701987210297e-16,1946-09-01
MADURAI,118.8,-1.0,-1.8369701987210297e-16,1947-09-01
MADURAI,69.4,-1.0,-1.8369701987210297e-16,1948-09-01
MADURAI,102.1,-1.0,-1.8369701987210297e-16,1949-09-01
MADURAI,45.6,-1.0,-1.8369701987210297e-16,1950-09-01
MADURAI,209.3,-1.0,-1.8369701987210297e-16,1951-09-01
MADURAI,49.5,-1.0,-1.8369701987210297e-16,1952-09-01
MADURAI,165.2,-1.0,-1.8369701987210297e-16,1953-09-01
MADURAI,45.9,-1.0,-1.8369701987210297e-16,1954-09-01
MADURAI,100.9,-1.0,-1.8369701987210297e-16,1955-09-01
MADURAI,122.2,-1.0,-1.8369701987210297e-16,1956-09-01
MADURAI,138.1,-1.0,-1.8369701987210297e-16,1957-09-01
MADURAI,74.1,-1.0,-1.8369701987210297e-16,1958-09-01
MADURAI,99.1,-1.0,-1.8369701987210297e-16,1959-09-01
MADURAI,95.4,-1.0,-1.8369701987210297e-16,1960-09-01
MADURAI,61.2,-1.0,-1.8369701987210297e-16,1961-09-01
MADURAI,77.4,-1.0,-1.8369701987210297e-16,1962-09-01
MADURAI,108.2,-1.0,-1.8369701987210297e-16,1963-09-01
MADURAI,67.3,-1.0,-1.8369701987210297e-16,1964-09-01
MADURAI,150.3,-1.0,-1.8369701987210297e-16,1965-09-01
MADURAI,219.0,-1.0,-1.8369701987210297e-16,1966-09-01
MADURAI,92.1,-1.0,-1.8369701987210297e-16,1967-09-01
MADURAI,72.1,-1.0,-1.8369701987210297e-16,1968-09-01
MADURAI,48.4,-1.0,-1.8369701987210297e-16,1969-09-01
MADURAI,106.9,-1.0,-1.8369701987210297e-16,1970-09-01
MADURAI,135.4,-1.0,-1.8369701987210297e-16,1971-09-01
MADURAI,176.9,-1.0,-1.8369701987210297e-16,1972-09-01
MADURAI,196.7,-1.0,-1.8369701987210297e-16,1973-09-01
MADURAI,152.1,-1.0,-1.8369701987210297e-16,1974-09-01
MADURAI,191.7,-1.0,-1.8369701987210297e-16,1975-09-01
MADURAI,176.8,-1.0,-1.8369701987210297e-16,1976-09-01
MADURAI,158.4,-1.0,-1.8369701987210297e-16,1977-09-01
MADURAI,154.4,-1.0,-1.8369701987210297e-16,1978-09-01
MADURAI,160.3,-1.0,-1.8369701987210297e-16,1979-09-01
MADURAI,134.1,-1.0,-1.8369701987210297e-16,1980-09-01
MADURAI,292.1,-1.0,-1.8369701987210297e-16,1981-09-01
MADURAI,92.0,-1.0,-1.8369701987210297e-16,1982-09-01
MADURAI,113.9,-1.0,-1.8369701987210297e-16,1983-09-01
MADURAI,131.9,-1.0,-1.8369701987210297e-16,1984-09-01
MADURAI,155.9,-1.0,-1.8369701987210297e-16,1985-09-01
MADURAI,83.7,-1.0,-1.8369701987210297e-16,1986-09-01
MADURAI,209.1,-1.0,-1.8369701987210297e-16,1987-09-01
MADURAI,127.9,-1.0,-1.8369701987210297e-16,1988-09-01
MADURAI,143.6,-1.0,-1.8369701987210297e-16,1989-09-01
MADURAI,142.2,-1.0,-1.8369701987210297e-16,1990-09-01
MADURAI,171.6,-1.0,-1.8369701987210297e-16,1991-09-01
MADURAI,197.6,-1.0,-1.8369701987210297e-16,1992-09-01
MADURAI,120.6,-1.0,-1.8369701987210297e-16,1993-09-01
MADURAI,113.2,-1.0,-1.8369701987210297e-16,1994-09-01
MADURAI,104.3,-1.0,-1.8369701987210297e-16,1995-09-01
MADURAI,118.9,-1.0,-1.8369701987210297e-16,1996-09-01
MADURAI,111.2,-1.0,-1.8369701987210297e-16,1997-09-01
MADURAI,150.2,-1.0,-1.8369701987210297e-16,1998-09-01
MADURAI,50.5,-1.0,-1.8369701987210297e-16,1999-09-01
MADURAI,211.3,-1.0,-1.8369701987210297e-16,2000-09-01
MADURAI,41.8,-1.0,-1.8369701987210297e-16,2001-09-01
MADURAI,43.9,-1.0,-1.8369701987210297e-16,2002-09-01
MADURAI,50.5,-1.0,-1.8369701987210297e-16,2003-09-01
MADURAI,173.9,-1.0,-1.8369701987210297e-16,2004-09-01
MADURAI,83.9,-1.0,-1.8369701987210297e-16,2005-09-01
MADURAI,74.2,-1.0,-1.8369701987210297e-16,2006-09-01
MADURAI,32.9,-1.0,-1.8369701987210297e-16,2007-09-01
MADURAI,32.2,-1.0,-1.8369701987210297e-16,2008-09-01
MADURAI,108.5,-1.0,-1.8369701987210297e-16,2009-09-01
MADURAI,168.8,-1.0,-1.8369701987210297e-16,2010-09-01
MADURAI,91.8,-1.0,-1.8369701987210297e-16,2012-09-01
MADURAI,52.4,-1.0,-1.8369701987210297e-16,2013-09-01
MADURAI,73.7,-1.0,-1.8369701987210297e-16,2014-09-01
MADURAI,128.1,-1.0,-1.8369701987210297e-16,2015-09-01
MADURAI,60.2,-1.0,-1.8369701987210297e-16,2016-09-01
MADURAI,176.3,-1.0,-1.8369701987210297e-16,2017-09-01
MADURAI,157.7,-1.0,-1.8369701987210297e-16,2018-09-01
MADURAI,183.0,-1.0,-1.8369701987210297e-16,2019-09-01
MADURAI,162.3,-1.0,-1.8369701987210297e-16,2020-09-01
MADURAI,129.1,-1.0,-1.8369701987210297e-16,2021-09-01
MADURAI,56.0,-1.0,-1.8369701987210297e-16,2022-09-01
MADURAI,164.2,-0.8660254037844386,0.5000000000000001,1901-10-01
MADURAI,262.0,-0.8660254037844386,0.5000000000000001,1902-10-01
MADURAI,149.4,-0.8660254037844386,0.5000000000000001,1903-10-01
MADURAI,213.8,-0.8660254037844386,0.5000000000000001,1904-10-01
MADURAI,207.2,-0.8660254037844386,0.5000000000000001,1905-10-01
MADURAI,133.9,-0.8660254037844386,0.5000000000000001,1906-10-01
MADURAI,149.5,-0.8660254037844386,0.5000000000000001,1907-10-01
MADURAI,310.6,-0.8660254037844386,0.5000000000000001,1908-10-01
MADURAI,311.8,-0.8660254037844386,0.5000000000000001,1909-10-01
MADURAI,326.5,-0.8660254037844386,0.5000000000000001,1910-10-01
MADURAI,95.1,-0.8660254037844386,0.5000000000000001,1911-10-01
MADURAI,246.8,-0.8660254037844386,0.5000000000000001,1912-10-01
MADURAI,118.6,-0.8660254037844386,0.5000000000000001,1913-10-01
MADURAI,199.0,-0.8660254037844386,0.5000000000000001,1914-10-01
MADURAI,158.2,-0.8660254037844386,0.5000000000000001,1915-10-01
MADURAI,190.4,-0.8660254037844386,0.5000000000000001,1916-10-01
MADURAI,166.8,-0.8660254037844386,0.5000000000000001,1917-10-01
MADURAI,116.1,-0.8660254037844386,0.5000000000000001,1918-10-01
MADURAI,209.1,-0.8660254037844386,0.5000000000000001,1919-10-01
MADURAI,107.6,-0.8660254037844386,0.5000000000000001,1920-10-01
MADURAI,270.6,-0.8660254037844386,0.5000000000000001,1921-10-01
MADURAI,313.3,-0.8660254037844386,0.5000000000000001,1922-10-01
MADURAI,191.7,-0.8660254037844386,0.5000000000000001,1923-10-01
MADURAI,40.7,-0.8660254037844386,0.5000000000000001,1924-10-01
MADURAI,123.1,-0.8660254037844386,0.5000000000000001,1925-10-01
MADURAI,293.1,-0.8660254037844386,0.5000000000000001,1926-10-01
MADURAI,109.7,-0.8660254037844386,0.5000000000000001,1927-10-01
MADURAI,221.1,-0.8660254037844386,0.5000000000000001,1928-10-01
MADURAI,179.6,-0.8660254037844386,0.5000000000000001,1929-10-01
MADURAI,321.9,-0.8660254037844386,0.5000000000000001,1930-10-01
MADURAI,192.4,-0.8660254037844386,0.5000000000000001,1931-10-01
MADURAI,223.5,-0.8660254037844386,0.5000000000000001,1932-10-01
MADURAI,228.7,-0.8660254037844386,0.5000000000000001,1933-10-01
MADURAI,280.2,-0.8660254037844386,0.5000000000000001,1934-10-01
MADURAI,157.8,-0.8660254037844386,0.5000000000000001,1935-10-01
MADURAI,71.0,-0.8660254037844386,0.5000000000000001,1936-10-01
MADURAI,95.5,-0.8660254037844386,0.5000000000000001,1937-10-01
MADURAI,75.3,-0.8660254037844386,0.5000000000000001,1938-10-01
MADURAI,200.9,-0.8660254037844386,0.5000000000000001,1939-10-01
MADURAI,141.8,-0.8660254037844386,0.5000000000000001,1940-10-01
MADURAI,200.2,-0.8660254037844386,0.5000000000000001,1941-10-01
MADURAI,230.7,-0.8660254037844386,0.5000000000000001,1942-10-01
MADURAI,271.4,-0.8660254037844386,0.5000000000000001,1943-10-01
MADURAI,247.4,-0.8660254037844386,0.5000000000000001,1944-10-01
MADURAI,191.9,-0.8660254037844386,0.5000000000000001,1945-10-01
MADURAI,147.9,-0.8660254037844386,0.5000000000000001,1946-10-01
MADURAI,343.0,-0.8660254037844386,0.5000000000000001,1947-10-01
MADURAI,159.7,-0.8660254037844386,0.5000000000000001,1948-10-01
MADURAI,137.1,-0.8660254037844386,0.5000000000000001,1949-10-01
MADURAI,325.3,-0.8660254037844386,0.5000000000000001,1950-10-01
MADURAI,124.3,-0.8660254037844386,0.5000000000000001,1951-10-01
MADURAI,137.5,-0.8660254037844386,0.5000000000000001,1952-10-01
MADURAI,336.5,-0.8660254037844386,0.5000000000000001,1953-10-01
MADURAI,212.1,-0.8660254037844386,0.5000000000000001,1954-10-01
MADURAI,222.7,-0.8660254037844386,0.5000000000000001,1955-10-01
MADURAI,361.7,-0.8660254037844386,0.5000000000000001,1956-10-01
MADURAI,196.2,-0.8660254037844386,0.5000000000000001,1957-10-01
MADURAI,108.3,-0.8660254037844386,0.5000000000000001,1958-10-01
MADURAI,120.1,-0.8660254037844386,0.5000000000000001,1959-10-01
MADURAI,117.3,-0.8660254037844386,0.5000000000000001,1960-10-01
MADURAI,121.0,-0.8660254037844386,0.5000000000000001,1961-10-01
MADURAI,382.7,-0.8660254037844386,0.5000000000000001,1962-10-01
MADURAI,115.9,-0.8660254037844386,0.5000000000000001,1963-10-01
MADURAI,309.3,-0.8660254037844386,0.5000000000000001,1964-10-01
MADURAI,184.1,-0.8660254037844386,0.5000000000000001,1965-10-01
MADURAI,241.7,-0.8660254037844386,0.5000000000000001,1966-10-01
MADURAI,184.2,-0.8660254037844386,0.5000000000000001,1967-10-01
MADURAI,150.1,-0.8660254037844386,0.5000000000000001,1968-10-01
MADURAI,162.9,-0.8660254037844386,0.5000000000000001,1969-10-01
MADURAI,301.9,-0.8660254037844386,0.5000000000000001,1970-10-01
MADURAI,271.8,-0.8660254037844386,0.5000000000000001,1971-10-01
MADURAI,280.3,-0.8660254037844386,0.5000000000000001,1972-10-01
MADURAI,202.7,-0.8660254037844386,0.5000000000000001,1973-10-01
MADURAI,94.5,-0.8660254037844386,0.5000000000000001,1974-10-01
MADURAI,90.5,-0.8660254037844386,0.5000000000000001,1975-10-01
MADURAI,90.5,-0.8660254037844386,0.5000000000000001,1976-10-01
MADURAI,344.2,-0.8660254037844386,0.5000000000000001,1977-10-01
MADURAI,163.5,-0.8660254037844386,0.5000000000000001,1978-10-01
MADURAI,101.8,-0.8660254037844386,0.5000000000000001,1979-10-01
MADURAI,138.3,-0.8660254037844386,0.5000000000000001,1980-10-01
MADURAI,261.5,-0.8660254037844386,0.5000000000000001,1981-10-01
MADURAI,110.2,-0.8660254037844386,0.5000000000000001,1982-10-01
MADURAI,137.8,-0.8660254037844386,0.5000000000000001,1983-10-01
MADURAI,115.3,-0.8660254037844386,0.5000000000000001,1984-10-01
MADURAI,72.9,-0.8660254037844386,0.5000000000000001,1985-10-01
MADURAI,144.7,-0.8660254037844386,0.5000000000000001,1986-10-01
MADURAI,103.6,-0.8660254037844386,0.5000000000000001,1987-10-01
MADURAI,116.8,-0.8660254037844386,0.5000000000000001,1988-10-01
MADURAI,251.9,-0.8660254037844386,0.5000000000000001,1989-10-01
MADURAI,162.3,-0.8660254037844386,0.5000000000000001,1990-10-01
MADURAI,203.2,-0.8660254037844386,0.5000000000000001,1991-10-01
MADURAI,144.4,-0.8660254037844386,0.5000000000000001,1992-10-01
MADURAI,226.0,-0.8660254037844386,0.5000000000000001,1993-10-01
MADURAI,288.2,-0.8660254037844386,0.5000000000000001,1994-10-01
MADURAI,169.1,-0.8660254037844386,0.5000000000000001,1995-10-01
MADURAI,257.5,-0.8660254037844386,0.5000000000000001,1996-10-01
MADURAI,306.8,-0.8660254037844386,0.5000000000000001,1997-10-01
MADURAI,322.2,-0.8660254037844386,0.5000000000000001,1998-10-01
MADURAI,341.8,-0.8660254037844386,0.5000000000000001,1999-10-01
MADURAI,86.7,-0.8660254037844386,0.5000000000000001,2000-10-01
MADURAI,51.5,-0.8660254037844386,0.5000000000000001,2001-10-01
MADURAI,145.2,-0.8660254037844386,0.5000000000000001,2002-10-01
MADURAI,96.4,-0.8660254037844386,0.5000000000000001,2003-10-01
MADURAI,147.9,-0.8660254037844386,0.5000000000000001,2004-10-01
MADURAI,286.2,-0.8660254037844386,0.5000000000000001,2005-10-01
MADURAI,257.5,-0.8660254037844386,0.5000000000000001,2006-10-01
MADURAI,321.3,-0.8660254037844386,0.5000000000000001,2007-10-01
MADURAI,245.4,-0.8660254037844386,0.5000000000000001,2008-10-01
MADURAI,26.6,-0.8660254037844386,0.5000000000000001,2009-10-01
MADURAI,172.6,-0.8660254037844386,0.5000000000000001,2010-10-01
MADURAI,182.3,-0.8660254037844386,0.5000000000000001,2012-10-01
MADURAI,193.9,-0.8660254037844386,0.5000000000000001,2013-10-01
MADURAI,213.3,-0.8660254037844386,0.5000000000000001,2014-10-01
MADURAI,79.2,-0.8660254037844386,0.5000000000000001,2015-10-01
MADURAI,162.4,-0.8660254037844386,0.5000000000000001,2016-10-01
MADURAI,167.3,-0.8660254037844386,0.5000000000000001,2017-10-01
MADURAI,160.3,-0.8660254037844386,0.5000000000000001,2018-10-01
MADURAI,168.7,-0.8660254037844386,0.5000000000000001,2019-10-01
MADURAI,161.2,-0.8660254037844386,0.5000000000000001,2020-10-01
MADURAI,175.9,-0.8660254037844386,0.5000000000000001,2021-10-01
MADURAI,248.1,-0.8660254037844386,0.5000000000000001,2022-10-01
MADURAI,163.7,-0.5000000000000004,0.8660254037844384,1901-11-01
MADURAI,149.5,-0.5000000000000004,0.8660254037844384,1902-11-01
MADURAI,173.3,-0.5000000000000004,0.8660254037844384,1903-11-01
MADURAI,21.3,-0.5000000000000004,0.8660254037844384,1904-11-01
MADURAI,114.5,-0.5000000000000004,0.8660254037844384,1905-11-01
MADURAI,155.2,-0.5000000000000004,0.8660254037844384,1906-11-01
MADURAI,114.8,-0.5000000000000004,0.8660254037844384,1907-11-01
MADURAI,17.7,-0.5000000000000004,0.8660254037844384,1908-11-01
MADURAI,162.6,-0.5000000000000004,0.8660254037844384,1909-11-01
MADURAI,203.2,-0.5000000000000004,0.8660254037844384,1910-11-01
MADURAI,154.2,-0.5000000000000004,0.8660254037844384,1911-11-01
MADURAI,203.7,-0.5000000000000004,0.8660254037844384,1912-11-01
MADURAI,68.8,-0.5000000000000004,0.8660254037844384,1913-11-01
MADURAI,86.2,-0.5000000000000004,0.8660254037844384,1914-11-01
MADURAI,287.5,-0.5000000000000004,0.8660254037844384,1915-11-01
MADURAI,58.3,-0.5000000000000004,0.8660254037844384,1916-11-01
MADURAI,130.4,-0.5000000000000004,0.8660254037844384,1917-11-01
MADURAI,305.1,-0.5000000000000004,0.8660254037844384,1918-11-01
MADURAI,201.8,-0.5000000000000004,0.8660254037844384,1919-11-01
MADURAI,300.0,-0.5000000000000004,0.8660254037844384,1920-11-01
MADURAI,124.4,-0.5000000000000004,0.8660254037844384,1921-11-01
MADURAI,224.3,-0.5000000000000004,0.8660254037844384,1922-11-01
MADURAI,39.9,-0.5000000000000004,0.8660254037844384,1923-11-01
MADURAI,155.8,-0.5000000000000004,0.8660254037844384,1924-11-01
MADURAI,269.7,-0.5000000000000004,0.8660254037844384,1925-11-01
MADURAI,26.3,-0.5000000000000004,0.8660254037844384,1926-11-01
MADURAI,202.3,-0.5000000000000004,0.8660254037844384,1927-11-01
MADURAI,169.9,-0.5000000000000004,0.8660254037844384,1928-11-01
MADURAI,164.7,-0.5000000000000004,0.8660254037844384,1929-11-01
MADURAI,337.5,-0.5000000000000004,0.8660254037844384,1930-11-01
MADURAI,224.9,-0.5000000000000004,0.8660254037844384,1931-11-01
MADURAI,210.2,-0.5000000000000004,0.8660254037844384,1932-11-01
MADURAI,184.5,-0.5000000000000004,0.8660254037844384,1933-11-01
MADURAI,67.2,-0.5000000000000004,0.8660254037844384,1934-11-01
MADURAI,107.6,-0.5000000000000004,0.8660254037844384,1935-11-01
MADURAI,238.4,-0.5000000000000004,0.8660254037844384,1936-11-01
MADURAI,247.0,-0.5000000000000004,0.8660254037844384,1937-11-01
MADURAI,79.1,-0.5000000000000004,0.8660254037844384,1938-11-01
MADURAI,146.9,-0.5000000000000004,0.8660254037844384,1939-11-01
MADURAI,357.7,-0.5000000000000004,0.8660254037844384,1940-11-01
MADURAI,162.2,-0.5000000000000004,0.8660254037844384,1941-11-01
MADURAI,69.7,-0.5000000000000004,0.8660254037844384,1942-11-01
MADURAI,117.8,-0.5000000000000004,0.8660254037844384,1943-11-01
MADURAI,213.8,-0.5000000000000004,0.8660254037844384,1944-11-01
MADURAI,184.0,-0.5000000000000004,0.8660254037844384,1945-11-01
MADURAI,276.9,-0.5000000000000004,0.8660254037844384,1946-11-01
MADURAI,10.5,-0.5000000000000004,0.8660254037844384,1947-11-01
MADURAI,208.3,-0.5000000000000004,0.8660254037844384,1948-11-01
MADURAI,72.4,-0.5000000000000004,0.8660254037844384,1949-11-01
MADURAI,45.6,-0.5000000000000004,0.8660254037844384,1950-11-01
MADURAI,160.3,-0.5000000000000004,0.8660254037844384,1951-11-01
MADURAI,59.6,-0.5000000000000004,0.8660254037844384,1952-11-01
MADURAI,126.5,-0.5000000000000004,0.8660254037844384,1953-11-01
MADURAI,27.8,-0.5000000000000004,0.8660254037844384,1954-11-01
MADURAI,189.3,-0.5000000000000004,0.8660254037844384,1955-11-01
MADURAI,277.6,-0.5000000000000004,0.8660254037844384,1956-11-01
MADURAI,172.9,-0.5000000000000004,0.8660254037844384,1957-11-01
MADURAI,111.9,-0.5000000000000004,0.8660254037844384,1958-11-01
MADURAI,165.8,-0.5000000000000004,0.8660254037844384,1959-11-01
MADURAI,353.8,-0.5000000000000004,0.8660254037844384,1960-11-01
MADURAI,54.1,-0.5000000000000004,0.8660254037844384,1961-11-01
MADURAI,33.4,-0.5000000000000004,0.8660254037844384,1962-11-01
MADURAI,137.5,-0.5000000000000004,0.8660254037844384,1963-11-01
MADURAI,119.8,-0.5000000000000004,0.8660254037844384,1964-11-01
MADURAI,56.1,-0.5000000000000004,0.8660254037844384,1965-11-01
MADURAI,136.1,-0.5000000000000004,0.8660254037844384,1966-11-01
MADURAI,104.9,-0.5000000000000004,0.8660254037844384,1967-11-01
MADURAI,196.8,-0.5000000000000004,0.8660254037844384,1968-11-01
MADURAI,66.6,-0.5000000000000004,0.8660254037844384,1969-11-01
MADURAI,167.8,-0.5000000000000004,0.8660254037844384,1970-11-01
MADURAI,58.0,-0.5000000000000004,0.8660254037844384,1971-11-01
MADURAI,121.1,-0.5000000000000004,0.8660254037844384,1972-11-01
MADURAI,54.9,-0.5000000000000004,0.8660254037844384,1973-11-01
MADURAI,38.6,-0.5000000000000004,0.8660254037844384,1974-11-01
MADURAI,102.8,-0.5000000000000004,0.8660254037844384,1975-11-01
MADURAI,154.2,-0.5000000000000004,0.8660254037844384,1976-11-01
MADURAI,259.5,-0.5000000000000004,0.8660254037844384,1977-11-01
MADURAI,141.4,-0.5000000000000004,0.8660254037844384,1978-11-01
MADURAI,462.1,-0.5000000000000004,0.8660254037844384,1979-11-01
MADURAI,88.5,-0.5000000000000004,0.8660254037844384,1980-11-01
MADURAI,99.8,-0.5000000000000004,0.8660254037844384,1981-11-01
MADURAI,180.6,-0.5000000000000004,0.8660254037844384,1982-11-01
MADURAI,99.8,-0.5000000000000004,0.8660254037844384,1983-11-01
MADURAI,49.7,-0.5000000000000004,0.8660254037844384,1984-11-01
MADURAI,96.9,-0.5000000000000004,0.8660254037844384,1985-11-01
MADURAI,138.2,-0.5000000000000004,0.8660254037844384,1986-11-01
MADURAI,0.0,-0.5000000000000004,0.8660254037844384,1987-11-01
MADURAI,59.2,-0.5000000000000004,0.8660254037844384,1988-11-01
MADURAI,88.5,-0.5000000000000004,0.8660254037844384,1989-11-01
MADURAI,193.8,-0.5000000000000004,0.8660254037844384,1990-11-01
MADURAI,134.6,-0.5000000000000004,0.8660254037844384,1991-11-01
MADURAI,269.2,-0.5000000000000004,0.8660254037844384,1992-11-01
MADURAI,383.7,-0.5000000000000004,0.8660254037844384,1993-11-01
MADURAI,148.8,-0.5000000000000004,0.8660254037844384,1994-11-01
MADURAI,77.8,-0.5000000000000004,0.8660254037844384,1995-11-01
MADURAI,60.2,-0.5000000000000004,0.8660254037844384,1996-11-01
MADURAI,296.7,-0.5000000000000004,0.8660254037844384,1997-11-01
MADURAI,143.2,-0.5000000000000004,0.8660254037844384,1998-11-01
MADURAI,94.0,-0.5000000000000004,0.8660254037844384,1999-11-01
MADURAI,116.9,-0.5000000000000004,0.8660254037844384,2000-11-01
MADURAI,37.1,-0.5000000000000004,0.8660254037844384,2001-11-01
MADURAI,57.0,-0.5000000000000004,0.8660254037844384,2002-11-01
MADURAI,48.7,-0.5000000000000004,0.8660254037844384,2003-11-01
MADURAI,113.9,-0.5000000000000004,0.8660254037844384,2004-11-01
MADURAI,330.8,-0.5000000000000004,0.8660254037844384,2005-11-01
MADURAI,136.9,-0.5000000000000004,0.8660254037844384,2006-11-01
MADURAI,64.4,-0.5000000000000004,0.8660254037844384,2007-11-01
MADURAI,77.6,-0.5000000000000004,0.8660254037844384,2008-11-01
MADURAI,249.1,-0.5000000000000004,0.8660254037844384,2009-11-01
MADURAI,222.3,-0.5000000000000004,0.8660254037844384,2010-11-01
MADURAI,35.5,-0.5000000000000004,0.8660254037844384,2012-11-01
MADURAI,27.3,-0.5000000000000004,0.8660254037844384,2013-11-01
MADURAI,85.0,-0.5000000000000004,0.8660254037844384,2014-11-01
MADURAI,274.9,-0.5000000000000004,0.8660254037844384,2015-11-01
MADURAI,9.5,-0.5000000000000004,0.8660254037844384,2016-11-01
MADURAI,50.3,-0.5000000000000004,0.8660254037844384,2017-11-01
MADURAI,111.0,-0.5000000000000004,0.8660254037844384,2018-11-01
MADURAI,98.8,-0.5000000000000004,0.8660254037844384,2019-11-01
MADURAI,219.8,-0.5000000000000004,0.8660254037844384,2020-11-01
MADURAI,248.6,-0.5000000000000004,0.8660254037844384,2021-11-01
MADURAI,129.1,-0.5000000000000004,0.8660254037844384,2022-11-01
MADURAI,42.8,-2.4492935982947064e-16,1.0,1901-12-01
MADURAI,103.5,-2.4492935982947064e-16,1.0,1902-12-01
MADURAI,209.3,-2.4492935982947064e-16,1.0,1903-12-01
MADURAI,26.8,-2.4492935982947064e-16,1.0,1904-12-01
MADURAI,0.6,-2.4492935982947064e-16,1.0,1905-12-01
MADURAI,45.6,-2.4492935982947064e-16,1.0,1906-12-01
MADURAI,34.8,-2.4492935982947064e-16,1.0,1907-12-01
MADURAI,0.9,-2.4492935982947064e-16,1.0,1908-12-01
MADURAI,13.2,-2.4492935982947064e-16,1.0,1909-12-01
MADURAI,0.0,-2.4492935982947064e-16,1.0,1910-12-01
MADURAI,112.4,-2.4492935982947064e-16,1.0,1911-12-01
MADURAI,13.4,-2.4492935982947064e-16,1.0,1912-12-01
MADURAI,52.9,-2.4492935982947064e-16,1.0,1913-12-01
MADURAI,103.0,-2.4492935982947064e-16,1.0,1914-12-01
MADURAI,39.8,-2.4492935982947064e-16,1.0,1915-12-01
MADURAI,20.2,-2.4492935982947064e-16,1.0,1916-12-01
MADURAI,102.3,-2.4492935982947064e-16,1.0,1917-12-01
MADURAI,79.9,-2.4492935982947064e-16,1.0,1918-12-01
MADURAI,59.2,-2.4492935982947064e-16,1.0,1919-12-01
MADURAI,0.8,-2.4492935982947064e-16,1.0,1920-12-01
MADURAI,71.5,-2.4492935982947064e-16,1.0,1921-12-01
MADURAI,171.9,-2.4492935982947064e-16,1.0,1922-12-01
MADURAI,119.3,-2.4492935982947064e-16,1.0,1923-12-01
MADURAI,6.6,-2.4492935982947064e-16,1.0,1924-12-01
MADURAI,149.3,-2.4492935982947064e-16,1.0,1925-12-01
MADURAI,3.0,-2.4492935982947064e-16,1.0,1926-12-01
MADURAI,26.9,-2.4492935982947064e-16,1.0,1927-12-01
MADURAI,54.6,-2.4492935982947064e-16,1.0,1928-12-01
MADURAI,74.4,-2.4492935982947064e-16,1.0,1929-12-01
MADURAI,102.5,-2.4492935982947064e-16,1.0,1930-12-01
MADURAI,115.8,-2.4492935982947064e-16,1.0,1931-12-01
MADURAI,30.9,-2.4492935982947064e-16,1.0,1932-12-01
MADURAI,14.8,-2.4492935982947064e-16,1.0,1933-12-01
MADURAI,4.6,-2.4492935982947064e-16,1.0,1934-12-01
MADURAI,41.3,-2.4492935982947064e-16,1.0,1935-12-01
MADURAI,53.3,-2.4492935982947064e-16,1.0,1936-12-01
MADURAI,0.3,-2.4492935982947064e-16,1.0,1937-12-01
MADURAI,61.5,-2.4492935982947064e-16,1.0,1938-12-01
MADURAI,2.5,-2.4492935982947064e-16,1.0,1939-12-01
MADURAI,65.7,-2.4492935982947064e-16,1.0,1940-12-01
MADURAI,30.4,-2.4492935982947064e-16,1.0,1941-12-01
MADURAI,126.6,-2.4492935982947064e-16,1.0,1942-12-01
MADURAI,42.8,-2.4492935982947064e-16,1.0,1943-12-01
MADURAI,84.5,-2.4492935982947064e-16,1.0,1944-12-01
MADURAI,5.3,-2.4492935982947064e-16,1.0,1945-12-01
MADURAI,186.6,-2.4492935982947064e-16,1.0,1946-12-01
MADURAI,34.0,-2.4492935982947064e-16,1.0,1947-12-01
MADURAI,30.7,-2.4492935982947064e-16,1.0,1948-12-01
MADURAI,0.0,-2.4492935982947064e-16,1.0,1949-12-01
MADURAI,25.3,-2.4492935982947064e-16,1.0,1950-12-01
MADURAI,1.0,-2.4492935982947064e-16,1.0,1951-12-01
MADURAI,50.5,-2.4492935982947064e-16,1.0,1952-12-01
MADURAI,18.4,-2.4492935982947064e-16,1.0,1953-12-01
MADURAI,25.5,-2.4492935982947064e-16,1.0,1954-12-01
MADURAI,179.7,-2.4492935982947064e-16,1.0,1955-12-01
MADURAI,35.2,-2.4492935982947064e-16,1.0,1956-12-01
MADURAI,36.5,-2.4492935982947064e-16,1.0,1957-12-01
MADURAI,17.1,-2.4492935982947064e-16,1.0,1958-12-01
MADURAI,32.4,-2.4492935982947064e-16,1.0,1959-12-01
MADURAI,12.4,-2.4492935982947064e-16,1.0,1960-12-01
MADURAI,47.4,-2.4492935982947064e-16,1.0,1961-12-01
MADURAI,39.5,-2.4492935982947064e-16,1.0,1962-12-01
MADURAI,128.7,-2.4492935982947064e-16,1.0,1963-12-01
MADURAI,126.3,-2.4492935982947064e-16,1.0,1964-12-01
MADURAI,91.3,-2.4492935982947064e-16,1.0,1965-12-01
MADURAI,99.3,-2.4492935982947064e-16,1.0,1966-12-01
MADURAI,79.5,-2.4492935982947064e-16,1.0,1967-12-01
MADURAI,36.0,-2.4492935982947064e-16,1.0,1968-12-01
MADURAI,99.4,-2.4492935982947064e-16,1.0,1969-12-01
MADURAI,1.1,-2.4492935982947064e-16,1.0,1970-12-01
MADURAI,194.6,-2.4492935982947064e-16,1.0,1971-12-01
MADURAI,44.2,-2.4492935982947064e-16,1.0,1972-12-01
MADURAI,171.2,-2.4492935982947064e-16,1.0,1973-12-01
MADURAI,9.6,-2.4492935982947064e-16,1.0,1974-12-01
MADURAI,11.3,-2.4492935982947064e-16,1.0,1975-12-01
MADURAI,47.0,-2.4492935982947064e-16,1.0,1976-12-01
MADURAI,3.7,-2.4492935982947064e-16,1.0,1977-12-01
MADURAI,133.9,-2.4492935982947064e-16,1.0,1978-12-01
MADURAI,3.8,-2.4492935982947064e-16,1.0,1979-12-01
MADURAI,32.8,-2.4492935982947064e-16,1.0,1980-12-01
MADURAI,61.1,-2.4492935982947064e-16,1.0,1981-12-01
MADURAI,23.9,-2.4492935982947064e-16,1.0,1982-12-01
MADURAI,136.9,-2.4492935982947064e-16,1.0,1983-12-01
MADURAI,32.5,-2.4492935982947064e-16,1.0,1984-12-01
MADURAI,14.7,-2.4492935982947064e-16,1.0,1985-12-01
MADURAI,30.0,-2.4492935982947064e-16,1.0,1986-12-01
MADURAI,145.9,-2.4492935982947064e-16,1.0,1987-12-01
MADURAI,7.4,-2.4492935982947064e-16,1.0,1988-12-01
MADURAI,4.4,-2.4492935982947064e-16,1.0,1989-12-01
MADURAI,27.5,-2.4492935982947064e-16,1.0,1990-12-01
MADURAI,45.4,-2.4492935982947064e-16,1.0,1991-12-01
MADURAI,44.6,-2.4492935982947064e-16,1.0,1992-12-01
MADURAI,108.4,-2.4492935982947064e-16,1.0,1993-12-01
MADURAI,2.3,-2.4492935982947064e-16,1.0,1994-12-01
MADURAI,1.0,-2.4492935982947064e-16,1.0,1995-12-01
MADURAI,98.5,-2.4492935982947064e-16,1.0,1996-12-01
MADURAI,111.7,-2.4492935982947064e-16,1.0,1997-12-01
MADURAI,2.6,-2.4492935982947064e-16,1.0,1998-12-01
MADURAI,33.2,-2.4492935982947064e-16,1.0,1999-12-01
MADURAI,74.5,-2.4492935982947064e-16,1.0,2000-12-01
MADURAI,6.4,-2.4492935982947064e-16,1.0,2001-12-01
MADURAI,6.2,-2.4492935982947064e-16,1.0,2002-12-01
MADURAI,5.8,-2.4492935982947064e-16,1.0,2003-12-01
MADURAI,5.8,-2.4492935982947064e-16,1.0,2004-12-01
MADURAI,80.5,-2.4492935982947064e-16,1.0,2005-12-01
MADURAI,6.8,-2.4492935982947064e-16,1.0,2006-12-01
MADURAI,171.8,-2.4492935982947064e-16,1.0,2007-12-01
MADURAI,12.2,-2.4492935982947064e-16,1.0,2008-12-01
MADURAI,27.7,-2.4492935982947064e-16,1.0,2009-12-01
MADURAI,102.1,-2.4492935982947064e-16,1.0,2010-12-01
MADURAI,3.4,-2.4492935982947064e-16,1.0,2012-12-01
MADURAI,45.3,-2.4492935982947064e-16,1.0,2013-12-01
MADURAI,25.2,-2.4492935982947064e-16,1.0,2014-12-01
MADURAI,59.1,-2.4492935982947064e-16,1.0,2015-12-01
MADURAI,56.3,-2.4492935982947064e-16,1.0,2016-12-01
MADURAI,68.9,-2.4492935982947064e-16,1.0,2017-12-01
MADURAI,7.1,-2.4492935982947064e-16,1.0,2018-12-01
MADURAI,41.1,-2.4492935982947064e-16,1.0,2019-12-01
MADURAI,76.2,-2.4492935982947064e-16,1.0,2020-12-01
MADURAI,60.1,-2.4492935982947064e-16,1.0,2021-12-01
MADURAI,61.2,-2.4492935982947064e-16,1.0,2022-12-01
